{"base_lr": 0.0001, "lr": 0.0001, "data_time": 0.0027788877487182617, "loss": 0.3682014286518097, "time": 2.550730037689209, "epoch": 1, "iter": 25, "memory": 32309, "step": 25}
{"base_lr": 0.0001, "lr": 0.0001, "data_time": 0.002162671089172363, "loss": 0.21219333857297898, "time": 2.5561455965042112, "epoch": 1, "iter": 50, "memory": 32309, "step": 50}
{"base_lr": 0.0001, "lr": 0.0001, "data_time": 0.0028726816177368163, "loss": 0.15365829914808274, "time": 2.5571988344192507, "epoch": 1, "iter": 75, "memory": 32309, "step": 75}
{"base_lr": 0.0001, "lr": 0.0001, "data_time": 0.0027347803115844727, "loss": 0.12195430472493171, "time": 2.5582849740982057, "epoch": 1, "iter": 100, "memory": 32309, "step": 100}
{"base_lr": 0.0001, "lr": 0.0001, "data_time": 0.0024796009063720705, "loss": 0.10282066762447357, "time": 2.555969572067261, "epoch": 1, "iter": 125, "memory": 32309, "step": 125}
{"base_lr": 0.0001, "lr": 0.0001, "data_time": 0.0020739555358886717, "loss": 0.08811496049165726, "time": 2.551317644119263, "epoch": 1, "iter": 150, "memory": 32309, "step": 150}
{"base_lr": 0.0001, "lr": 0.0001, "data_time": 0.002245664596557617, "loss": 0.07749205604195594, "time": 2.5522552251815798, "epoch": 1, "iter": 175, "memory": 32309, "step": 175}
{"accuracy/top1": 95.23067474365234, "data_time": 3.9406933069229124, "time": 20.033349347114562, "step": 1}
{"base_lr": 9.938441702975689e-05, "lr": 9.938441702975689e-05, "data_time": 0.002594614028930664, "loss": 0.06526790782809258, "time": 2.561772179603577, "epoch": 2, "iter": 210, "memory": 48749, "step": 210}
{"base_lr": 9.938441702975689e-05, "lr": 9.938441702975689e-05, "data_time": 0.003297853469848633, "loss": 0.06173963285982609, "time": 2.560921287536621, "epoch": 2, "iter": 235, "memory": 32309, "step": 235}
{"base_lr": 9.938441702975689e-05, "lr": 9.938441702975689e-05, "data_time": 0.0027330875396728515, "loss": 0.06047733537852764, "time": 2.560008192062378, "epoch": 2, "iter": 260, "memory": 32309, "step": 260}
{"base_lr": 9.938441702975689e-05, "lr": 9.938441702975689e-05, "data_time": 0.0031318902969360352, "loss": 0.057104296237230304, "time": 2.609850025177002, "epoch": 2, "iter": 285, "memory": 32309, "step": 285}
{"base_lr": 9.938441702975689e-05, "lr": 9.938441702975689e-05, "data_time": 0.005541944503784179, "loss": 0.05067584216594696, "time": 2.55997896194458, "epoch": 2, "iter": 310, "memory": 32309, "step": 310}
{"base_lr": 9.938441702975689e-05, "lr": 9.938441702975689e-05, "data_time": 0.001857423782348633, "loss": 0.0485220342874527, "time": 2.5490255117416383, "epoch": 2, "iter": 335, "memory": 32309, "step": 335}
{"base_lr": 9.938441702975689e-05, "lr": 9.938441702975689e-05, "data_time": 0.001492476463317871, "loss": 0.04589546658098698, "time": 2.5478336572647096, "epoch": 2, "iter": 360, "memory": 32309, "step": 360}
{"accuracy/top1": 96.7022933959961, "data_time": 1.205672177401456, "time": 15.833076628771694, "step": 2}
{"base_lr": 9.755282581475769e-05, "lr": 9.755282581475769e-05, "data_time": 0.00629737377166748, "loss": 0.04532567411661148, "time": 2.549006223678589, "epoch": 3, "iter": 395, "memory": 48749, "step": 395}
{"base_lr": 9.755282581475769e-05, "lr": 9.755282581475769e-05, "data_time": 0.002438783645629883, "loss": 0.03972290232777596, "time": 2.5561201333999635, "epoch": 3, "iter": 420, "memory": 32309, "step": 420}
{"base_lr": 9.755282581475769e-05, "lr": 9.755282581475769e-05, "data_time": 0.002557206153869629, "loss": 0.03997830115258694, "time": 2.5660996437072754, "epoch": 3, "iter": 445, "memory": 32309, "step": 445}
{"base_lr": 9.755282581475769e-05, "lr": 9.755282581475769e-05, "data_time": 0.002906131744384766, "loss": 0.03894219268113375, "time": 2.5869738101959228, "epoch": 3, "iter": 470, "memory": 32309, "step": 470}
{"base_lr": 9.755282581475769e-05, "lr": 9.755282581475769e-05, "data_time": 0.002576303482055664, "loss": 0.03646470699459314, "time": 2.568743944168091, "epoch": 3, "iter": 495, "memory": 32309, "step": 495}
{"base_lr": 9.755282581475769e-05, "lr": 9.755282581475769e-05, "data_time": 0.0020399093627929688, "loss": 0.038684526644647124, "time": 2.56247022151947, "epoch": 3, "iter": 520, "memory": 32309, "step": 520}
{"base_lr": 9.755282581475769e-05, "lr": 9.755282581475769e-05, "data_time": 0.002323770523071289, "loss": 0.03476628623902798, "time": 2.5600027084350585, "epoch": 3, "iter": 545, "memory": 32309, "step": 545}
{"accuracy/top1": 97.1534423828125, "data_time": 3.8669952262531626, "time": 18.508592518893156, "step": 3}
{"base_lr": 9.45503262094184e-05, "lr": 9.45503262094184e-05, "data_time": 0.004720258712768555, "loss": 0.033163835480809215, "time": 2.5839056015014648, "epoch": 4, "iter": 580, "memory": 48749, "step": 580}
{"base_lr": 9.45503262094184e-05, "lr": 9.45503262094184e-05, "data_time": 0.0028951406478881837, "loss": 0.034027783386409285, "time": 2.5697371482849123, "epoch": 4, "iter": 605, "memory": 32309, "step": 605}
{"base_lr": 9.45503262094184e-05, "lr": 9.45503262094184e-05, "data_time": 0.0027365684509277344, "loss": 0.029054659605026244, "time": 2.5676471471786497, "epoch": 4, "iter": 630, "memory": 32309, "step": 630}
{"base_lr": 9.45503262094184e-05, "lr": 9.45503262094184e-05, "data_time": 0.002783799171447754, "loss": 0.03024487178772688, "time": 2.581381368637085, "epoch": 4, "iter": 655, "memory": 32309, "step": 655}
{"base_lr": 9.45503262094184e-05, "lr": 9.45503262094184e-05, "data_time": 0.002793025970458984, "loss": 0.03027373179793358, "time": 2.5579560518264772, "epoch": 4, "iter": 680, "memory": 32309, "step": 680}
{"base_lr": 9.45503262094184e-05, "lr": 9.45503262094184e-05, "data_time": 0.0021506786346435548, "loss": 0.03249398209154606, "time": 2.5591708421707153, "epoch": 4, "iter": 705, "memory": 32309, "step": 705}
{"base_lr": 9.45503262094184e-05, "lr": 9.45503262094184e-05, "data_time": 0.0020392894744873046, "loss": 0.0318688940256834, "time": 2.55865592956543, "epoch": 4, "iter": 730, "memory": 32309, "step": 730}
{"accuracy/top1": 97.42198944091797, "data_time": 1.1441000374880703, "time": 15.783044164830988, "step": 4}
{"base_lr": 9.045084971874738e-05, "lr": 9.045084971874738e-05, "data_time": 0.0075362205505371095, "loss": 0.030143770016729833, "time": 2.564058709144592, "epoch": 5, "iter": 765, "memory": 48749, "step": 765}
{"base_lr": 9.045084971874738e-05, "lr": 9.045084971874738e-05, "data_time": 0.0027805566787719727, "loss": 0.027791334316134453, "time": 2.570503759384155, "epoch": 5, "iter": 790, "memory": 32309, "step": 790}
{"base_lr": 9.045084971874738e-05, "lr": 9.045084971874738e-05, "data_time": 0.003007960319519043, "loss": 0.028228554129600524, "time": 2.5624752283096313, "epoch": 5, "iter": 815, "memory": 32309, "step": 815}
{"base_lr": 9.045084971874738e-05, "lr": 9.045084971874738e-05, "data_time": 0.0026875734329223633, "loss": 0.029012247547507287, "time": 2.556583523750305, "epoch": 5, "iter": 840, "memory": 32309, "step": 840}
{"base_lr": 9.045084971874738e-05, "lr": 9.045084971874738e-05, "data_time": 0.004470658302307129, "loss": 0.02703598905354738, "time": 2.5818972826004027, "epoch": 5, "iter": 865, "memory": 32309, "step": 865}
{"base_lr": 9.045084971874738e-05, "lr": 9.045084971874738e-05, "data_time": 0.0022276639938354492, "loss": 0.027492809668183328, "time": 2.545971727371216, "epoch": 5, "iter": 890, "memory": 32309, "step": 890}
{"base_lr": 9.045084971874738e-05, "lr": 9.045084971874738e-05, "data_time": 0.0025499820709228515, "loss": 0.028925152122974397, "time": 2.545732593536377, "epoch": 5, "iter": 915, "memory": 32309, "step": 915}
{"accuracy/top1": 97.62608337402344, "data_time": 3.5095083063299004, "time": 18.111130410974678, "step": 5}
{"base_lr": 8.535533905932738e-05, "lr": 8.535533905932738e-05, "data_time": 0.003505516052246094, "loss": 0.023293926008045675, "time": 2.5618233919143676, "epoch": 6, "iter": 950, "memory": 48749, "step": 950}
{"base_lr": 8.535533905932738e-05, "lr": 8.535533905932738e-05,