{"accuracy/top1": 96.7652816772461, "accuracy": 0.9638210657636785, "precision": 0.788627935723115, "recall": 0.7308132875143184, "f1": 0.7586206896551724, "tp": null, "tn": null, "fp": null, "fn": null, "single-label/precision_classwise": [97.18389892578125, 89.84375], "single-label/recall_classwise": [99.3719253540039, 65.86483001708984], "single-label/f1-score_classwise": [98.26573944091797, 76.00792694091797], "fns": [[0, 235]], "data_time": 0.6557739431207831, "time": 17.88258088718761}