{"base_lr": 0.0001, "lr": 0.0001, "data_time": 0.002614450454711914, "loss": 0.3670134663581848, "time": 2.548518919944763, "epoch": 1, "iter": 25, "memory": 32309, "step": 25}
{"base_lr": 0.0001, "lr": 0.0001, "data_time": 0.0020908832550048826, "loss": 0.20324581265449523, "time": 2.5506556749343874, "epoch": 1, "iter": 50, "memory": 32309, "step": 50}
{"base_lr": 0.0001, "lr": 0.0001, "data_time": 0.002286958694458008, "loss": 0.14404082745313646, "time": 2.553134632110596, "epoch": 1, "iter": 75, "memory": 32309, "step": 75}
{"base_lr": 0.0001, "lr": 0.0001, "data_time": 0.0024659395217895507, "loss": 0.11410468220710754, "time": 2.5504863023757935, "epoch": 1, "iter": 100, "memory": 32309, "step": 100}
{"base_lr": 0.0001, "lr": 0.0001, "data_time": 0.0025226116180419923, "loss": 0.09841911718249322, "time": 2.553609108924866, "epoch": 1, "iter": 125, "memory": 32309, "step": 125}
{"base_lr": 0.0001, "lr": 0.0001, "data_time": 0.0019957304000854494, "loss": 0.08302302733063698, "time": 2.5509339332580567, "epoch": 1, "iter": 150, "memory": 32309, "step": 150}
{"base_lr": 0.0001, "lr": 0.0001, "data_time": 0.0021999597549438475, "loss": 0.07247974798083305, "time": 2.5479582071304323, "epoch": 1, "iter": 175, "memory": 32309, "step": 175}
{"accuracy/top1": 95.63349151611328, "data_time": 1.3186240673065186, "time": 17.463463973999023, "step": 1}
{"base_lr": 9.938441702975689e-05, "lr": 9.938441702975689e-05, "data_time": 0.00284273624420166, "loss": 0.06252133026719094, "time": 2.5538832902908326, "epoch": 2, "iter": 210, "memory": 48749, "step": 210}
{"base_lr": 9.938441702975689e-05, "lr": 9.938441702975689e-05, "data_time": 0.004416179656982422, "loss": 0.05977691151201725, "time": 2.5509868383407595, "epoch": 2, "iter": 235, "memory": 32309, "step": 235}
{"base_lr": 9.938441702975689e-05, "lr": 9.938441702975689e-05, "data_time": 0.002536106109619141, "loss": 0.05295171700417996, "time": 2.5520890951156616, "epoch": 2, "iter": 260, "memory": 32309, "step": 260}
{"base_lr": 9.938441702975689e-05, "lr": 9.938441702975689e-05, "data_time": 0.002776837348937988, "loss": 0.048094617947936055, "time": 2.554023027420044, "epoch": 2, "iter": 285, "memory": 32309, "step": 285}
{"base_lr": 9.938441702975689e-05, "lr": 9.938441702975689e-05, "data_time": 0.0029485940933227537, "loss": 0.04398225620388985, "time": 2.5709223985671996, "epoch": 2, "iter": 310, "memory": 32309, "step": 310}
{"base_lr": 9.938441702975689e-05, "lr": 9.938441702975689e-05, "data_time": 0.002044343948364258, "loss": 0.043210344389081, "time": 2.5607452392578125, "epoch": 2, "iter": 335, "memory": 32309, "step": 335}
{"base_lr": 9.938441702975689e-05, "lr": 9.938441702975689e-05, "data_time": 0.0019043922424316407, "loss": 0.039595774933695795, "time": 2.563285541534424, "epoch": 2, "iter": 360, "memory": 32309, "step": 360}
{"accuracy/top1": 97.2716064453125, "data_time": 3.1759896711869673, "time": 17.82196419889277, "step": 2}
{"base_lr": 9.755282581475769e-05, "lr": 9.755282581475769e-05, "data_time": 0.005353236198425293, "loss": 0.03729637749493122, "time": 2.6037471294403076, "epoch": 3, "iter": 395, "memory": 48749, "step": 395}
{"base_lr": 9.755282581475769e-05, "lr": 9.755282581475769e-05, "data_time": 0.002970385551452637, "loss": 0.03657401651144028, "time": 2.5849442958831785, "epoch": 3, "iter": 420, "memory": 32309, "step": 420}
{"base_lr": 9.755282581475769e-05, "lr": 9.755282581475769e-05, "data_time": 0.003528189659118652, "loss": 0.03512768466025591, "time": 2.583552861213684, "epoch": 3, "iter": 445, "memory": 32309, "step": 445}
{"base_lr": 9.755282581475769e-05, "lr": 9.755282581475769e-05, "data_time": 0.00477747917175293, "loss": 0.03423229400068521, "time": 2.6042806625366213, "epoch": 3, "iter": 470, "memory": 32309, "step": 470}
{"base_lr": 9.755282581475769e-05, "lr": 9.755282581475769e-05, "data_time": 0.0051456928253173825, "loss": 0.03071347065269947, "time": 2.6328062534332277, "epoch": 3, "iter": 495, "memory": 32309, "step": 495}
{"base_lr": 9.755282581475769e-05, "lr": 9.755282581475769e-05, "data_time": 0.002316141128540039, "loss": 0.03270239848643541, "time": 2.5858802318573, "epoch": 3, "iter": 520, "memory": 32309, "step": 520}
{"base_lr": 9.755282581475769e-05, "lr": 9.755282581475769e-05, "data_time": 0.00202326774597168, "loss": 0.030537987500429152, "time": 2.5626737117767333, "epoch": 3, "iter": 545, "memory": 32309, "step": 545}
{"accuracy/top1": 98.01815032958984, "data_time": 3.726847150109031, "time": 18.347781116312202, "step": 3}
{"base_lr": 9.45503262094184e-05, "lr": 9.45503262094184e-05, "data_time": 0.0044844627380371095, "loss": 0.03007601387798786, "time": 2.5619277000427245, "epoch": 4, "iter": 580, "memory": 48749, "step": 580}
{"base_lr": 9.45503262094184e-05, "lr": 9.45503262094184e-05, "data_time": 0.006428146362304687, "loss": 0.028346693143248558, "time": 2.567349672317505, "epoch": 4, "iter": 605, "memory": 32309, "step": 605}
{"base_lr": 9.45503262094184e-05, "lr": 9.45503262094184e-05, "data_time": 0.0030871152877807615, "loss": 0.025179227255284785, "time": 2.586025595664978, "epoch": 4, "iter": 630, "memory": 32309, "step": 630}
{"base_lr": 9.45503262094184e-05, "lr": 9.45503262094184e-05, "data_time": 0.003231930732727051, "loss": 0.02280907742679119, "time": 2.566440391540527, "epoch": 4, "iter": 655, "memory": 32309, "step": 655}
{"base_lr": 9.45503262094184e-05, "lr": 9.45503262094184e-05, "data_time": 0.003500962257385254, "loss": 0.0262446666136384, "time": 2.585657334327698, "epoch": 4, "iter": 680, "memory": 32309, "step": 680}
{"base_lr": 9.45503262094184e-05, "lr": 9.45503262094184e-05, "data_time": 0.002193903923034668, "loss": 0.024751532450318338, "time": 2.550329327583313, "epoch": 4, "iter": 705, "memory": 32309, "step": 705}
{"base_lr": 9.45503262094184e-05, "lr": 9.45503262094184e-05, "data_time": 0.0017354488372802734, "loss": 0.02301100641489029, "time": 2.5478260040283205, "epoch": 4, "iter": 730, "memory": 32309, "step": 730}
{"accuracy/top1": 98.27058410644531, "data_time": 1.0737285180525347, "time": 15.718629273501309, "step": 4}
{"base_lr": 9.045084971874738e-05, "lr": 9.045084971874738e-05, "data_time": 0.0030147075653076173, "loss": 0.021345860324800014, "time": 2.5969742059707643, "epoch": 5, "iter": 765, "memory": 48749, "step": 765}
{"base_lr": 9.045084971874738e-05, "lr": 9.045084971874738e-05, "data_time": 0.0030605316162109373, "loss": 0.02211550436913967, "time": 2.5692926406860352, "epoch": 5, "iter": 790, "memory": 32309, "step": 790}
{"base_lr": 9.045084971874738e-05, "lr": 9.045084971874738e-05, "data_time": 0.0029738903045654296, "loss": 0.021614599227905273, "time": 2.5661820650100706, "epoch": 5, "iter": 815, "memory": 32309, "step": 815}
{"base_lr": 9.045084971874738e-05, "lr": 9.045084971874738e-05, "data_time": 0.003270578384399414, "loss": 0.021433483436703683, "time": 2.5666508197784426, "epoch": 5, "iter": 840, "memory": 32309, "step": 840}
{"base_lr": 9.045084971874738e-05, "lr": 9.045084971874738e-05, "data_time": 0.0037564516067504885, "loss": 0.02037586849182844, "time": 2.566648316383362, "epoch": 5, "iter": 865, "memory": 32309, "step": 865}
{"base_lr": 9.045084971874738e-05, "lr": 9.045084971874738e-05, "data_time": 0.0021366119384765626, "loss": 0.01923349779099226, "time": 2.5524874687194825, "epoch": 5, "iter": 890, "memory": 32309, "step": 890}
{"base_lr": 9.045084971874738e-05, "lr": 9.045084971874738e-05, "data_time": 0.002129793167114258, "loss": 0.021739263832569123, "time": 2.551867961883545, "epoch": 5, "iter": 915, "memory": 32309, "step": 915}
{"accuracy/top1": 98.39948272705078, "data_time": 4.013699076392434, "time": 18.64151365106756, "step": 5}
{"base_lr": 8.535533905932738e-05, "lr": 8.535533905932738e-05, "data_time": 0.007216215133666992, "loss": 0.02000766694545746, "time": 2.6220689535140993, "epoch": 6, "iter": 950, "memory": 48749, "step": 950}
{"base_lr": 8.535533905932738e-05, "lr": 8.535533905932738e-05,