{"accuracy/top1": 9.943864822387695, "accuracy/top5": 17.107725143432617, "data_time": 11.160528481006622, "time": 18.19909030199051}