{"accuracy/top1": 98.5030746459961, "single-label/precision_classwise": [98.73853302001953, 95.25691986083984], "single-label/recall_classwise": [99.65277862548828, 84.5614013671875], "single-label/f1-score_classwise": [99.19355010986328, 89.59107208251953], "data_time": 10.917220652103424, "time": 26.867036998271942}