{"base_lr": 0.0001, "lr": 0.0001, "data_time": 0.0019614696502685547, "loss": 8.187246704101563, "time": 2.5775336265563964, "epoch": 1, "iter": 25, "memory": 32400, "step": 25}
{"base_lr": 0.0001, "lr": 0.0001, "data_time": 0.0017752408981323241, "loss": 7.300590896606446, "time": 2.586477828025818, "epoch": 1, "iter": 50, "memory": 32400, "step": 50}
{"base_lr": 0.0001, "lr": 0.0001, "data_time": 0.0019347190856933594, "loss": 6.514741516113281, "time": 2.592505121231079, "epoch": 1, "iter": 75, "memory": 32400, "step": 75}
{"base_lr": 0.0001, "lr": 0.0001, "data_time": 0.002042341232299805, "loss": 5.826430225372315, "time": 2.5970311641693113, "epoch": 1, "iter": 100, "memory": 32400, "step": 100}
{"base_lr": 0.0001, "lr": 0.0001, "data_time": 0.0022908449172973633, "loss": 5.2894415855407715, "time": 2.5931434631347656, "epoch": 1, "iter": 125, "memory": 32400, "step": 125}
{"base_lr": 0.0001, "lr": 0.0001, "data_time": 0.0017431974411010742, "loss": 4.830920934677124, "time": 2.5900366067886353, "epoch": 1, "iter": 150, "memory": 32400, "step": 150}
{"base_lr": 0.0001, "lr": 0.0001, "data_time": 0.0018763542175292969, "loss": 4.430856609344483, "time": 2.588275194168091, "epoch": 1, "iter": 175, "memory": 32400, "step": 175}
{"accuracy/top1": 30.69395637512207, "accuracy/top5": 51.970550537109375, "data_time": 8.695705533027649, "time": 24.822747031847637, "step": 1}
{"base_lr": 9.938441702975689e-05, "lr": 9.938441702975689e-05, "data_time": 0.004429411888122558, "loss": 3.9135191679000854, "time": 2.6229854345321657, "epoch": 2, "iter": 217, "memory": 48840, "step": 217}
{"base_lr": 9.938441702975689e-05, "lr": 9.938441702975689e-05, "data_time": 0.00434105396270752, "loss": 3.6670874834060667, "time": 2.6182969570159913, "epoch": 2, "iter": 242, "memory": 32400, "step": 242}
{"base_lr": 9.938441702975689e-05, "lr": 9.938441702975689e-05, "data_time": 0.0029318809509277345, "loss": 3.464682197570801, "time": 2.5919795751571657, "epoch": 2, "iter": 267, "memory": 32400, "step": 267}
{"base_lr": 9.938441702975689e-05, "lr": 9.938441702975689e-05, "data_time": 0.0029550790786743164, "loss": 3.2882763385772704, "time": 2.5876988887786867, "epoch": 2, "iter": 292, "memory": 32400, "step": 292}
{"base_lr": 9.938441702975689e-05, "lr": 9.938441702975689e-05, "data_time": 0.0023570537567138674, "loss": 3.179594802856445, "time": 2.5884490728378298, "epoch": 2, "iter": 317, "memory": 32400, "step": 317}
{"base_lr": 9.938441702975689e-05, "lr": 9.938441702975689e-05, "data_time": 0.001537466049194336, "loss": 3.0343775033950804, "time": 2.5838170766830446, "epoch": 2, "iter": 342, "memory": 32400, "step": 342}
{"base_lr": 9.938441702975689e-05, "lr": 9.938441702975689e-05, "data_time": 0.0017791271209716796, "loss": 2.946178841590881, "time": 2.5848857402801513, "epoch": 2, "iter": 367, "memory": 32400, "step": 367}
{"accuracy/top1": 42.05942916870117, "accuracy/top5": 63.81182861328125, "data_time": 6.554941654205322, "time": 21.299946069717407, "step": 2}
{"base_lr": 9.755282581475769e-05, "lr": 9.755282581475769e-05, "data_time": 0.003877067565917969, "loss": 2.7064724445343016, "time": 2.6368805170059204, "epoch": 3, "iter": 409, "memory": 48840, "step": 409}
{"base_lr": 9.755282581475769e-05, "lr": 9.755282581475769e-05, "data_time": 0.0028227806091308595, "loss": 2.6033034801483153, "time": 2.591370677947998, "epoch": 3, "iter": 434, "memory": 32400, "step": 434}
{"base_lr": 9.755282581475769e-05, "lr": 9.755282581475769e-05, "data_time": 0.003960061073303223, "loss": 2.563875651359558, "time": 2.5974001407623293, "epoch": 3, "iter": 459, "memory": 32400, "step": 459}
{"base_lr": 9.755282581475769e-05, "lr": 9.755282581475769e-05, "data_time": 0.0029329538345336916, "loss": 2.5042449235916138, "time": 2.5976276874542235, "epoch": 3, "iter": 484, "memory": 32400, "step": 484}
{"base_lr": 9.755282581475769e-05, "lr": 9.755282581475769e-05, "data_time": 0.0026258230209350586, "loss": 2.4073290824890137, "time": 2.5952598810195924, "epoch": 3, "iter": 509, "memory": 32400, "step": 509}
{"base_lr": 9.755282581475769e-05, "lr": 9.755282581475769e-05, "data_time": 0.002029109001159668, "loss": 2.365106964111328, "time": 2.5959967613220214, "epoch": 3, "iter": 534, "memory": 32400, "step": 534}
{"base_lr": 9.755282581475769e-05, "lr": 9.755282581475769e-05, "data_time": 0.0023846864700317384, "loss": 2.3805575370788574, "time": 2.59351065158844, "epoch": 3, "iter": 559, "memory": 32400, "step": 559}
{"accuracy/top1": 47.625457763671875, "accuracy/top5": 69.90753173828125, "data_time": 6.719581706183297, "time": 21.460644960403442, "step": 3}
{"base_lr": 9.45503262094184e-05, "lr": 9.45503262094184e-05, "data_time": 0.005152654647827148, "loss": 2.2112704038619997, "time": 2.6123951196670534, "epoch": 4, "iter": 601, "memory": 48840, "step": 601}
{"base_lr": 9.45503262094184e-05, "lr": 9.45503262094184e-05, "data_time": 0.002890491485595703, "loss": 2.1518163204193117, "time": 2.595434141159058, "epoch": 4, "iter": 626, "memory": 32400, "step": 626}
{"base_lr": 9.45503262094184e-05, "lr": 9.45503262094184e-05, "data_time": 0.002528834342956543, "loss": 2.1224831342697144, "time": 2.5950050830841063, "epoch": 4, "iter": 651, "memory": 32400, "step": 651}
{"base_lr": 9.45503262094184e-05, "lr": 9.45503262094184e-05, "data_time": 0.00403127670288086, "loss": 2.124749493598938, "time": 2.596760082244873, "epoch": 4, "iter": 676, "memory": 32400, "step": 676}
{"base_lr": 9.45503262094184e-05, "lr": 9.45503262094184e-05, "data_time": 0.002607560157775879, "loss": 2.0934489488601686, "time": 2.5977962732315065, "epoch": 4, "iter": 701, "memory": 32400, "step": 701}
{"base_lr": 9.45503262094184e-05, "lr": 9.45503262094184e-05, "data_time": 0.0019364118576049804, "loss": 2.022224509716034, "time": 2.58926739692688, "epoch": 4, "iter": 726, "memory": 32400, "step": 726}
{"base_lr": 9.45503262094184e-05, "lr": 9.45503262094184e-05, "data_time": 0.0020272493362426757, "loss": 2.0228513836860658, "time": 2.589541029930115, "epoch": 4, "iter": 751, "memory": 32400, "step": 751}
{"accuracy/top1": 50.9022331237793, "accuracy/top5": 73.16635131835938, "data_time": 3.9516501086098805, "time": 18.691482169287546, "step": 4}
{"base_lr": 9.045084971874738e-05, "lr": 9.045084971874738e-05, "data_time": 0.006211400032043457, "loss": 1.917075264453888, "time": 2.6835155487060547, "epoch": 5, "iter": 793, "memory": 48840, "step": 793}
{"base_lr": 9.045084971874738e-05, "lr": 9.045084971874738e-05, "data_time": 0.0032075881958007813, "loss": 1.8838093161582947, "time": 2.6102199077606203, "epoch": 5, "iter": 818, "memory": 32400, "step": 818}
{"base_lr": 9.045084971874738e-05, "lr": 9.045084971874738e-05, "data_time": 0.0042817115783691405, "loss": 1.8585804462432862, "time": 2.602625513076782, "epoch": 5, "iter": 843, "memory": 32400, "step": 843}
{"base_lr": 9.045084971874738e-05, "lr": 9.045084971874738e-05, "data_time": 0.003260636329650879, "loss": 1.8587533473968505, "time": 2.5989015102386475, "epoch": 5, "iter": 868, "memory": 32400, "step": 868}
{"base_lr": 9.045084971874738e-05, "lr": 9.045084971874738e-05, "data_time": 0.0029916763305664062, "loss": 1.860105860233307, "time": 2.5969640970230103, "epoch": 5, "iter": 893, "memory": 32400, "step": 893}
{"base_lr": 9.045084971874738e-05, "lr": 9.045084971874738e-05, "data_time": 0.0020854949951171877, "loss": 1.8370936989784241, "time": 2.588037943840027, "epoch": 5, "iter": 918, "memory": 32400, "step": 918}
{"base_lr": 9.045084971874738e-05, "lr": 9.045084971874738e-05, "data_time": 0.0019661903381347655, "loss": 1.8115490674972534, "time": 2.586954712867737, "epoch": 5, "iter": 943, "memory": 32400, "step": 943}
