{"base_lr": 5.782172325201156e-05, "lr": 5.782172325201156e-05, "data_time": 0.0013523340225219727, "loss": 1.318614375591278, "time": 0.5873085975646972, "epoch": 10, "iter": 12018, "memory": 17714, "step": 12018}
{"base_lr": 5.782172325201156e-05, "lr": 5.782172325201156e-05, "data_time": 0.0012661218643188477, "loss": 1.299783504009247, "time": 0.5871996402740478, "epoch": 10, "iter": 12043, "memory": 17714, "step": 12043}
{"base_lr": 5.782172325201156e-05, "lr": 5.782172325201156e-05, "data_time": 0.0013728618621826171, "loss": 1.343952238559723, "time": 0.5875807046890259, "epoch": 10, "iter": 12068, "memory": 17714, "step": 12068}
{"base_lr": 5.782172325201156e-05, "lr": 5.782172325201156e-05, "data_time": 0.0011804342269897462, "loss": 1.3334243059158326, "time": 0.5875510454177857, "epoch": 10, "iter": 12093, "memory": 17714, "step": 12093}
{"base_lr": 5.782172325201156e-05, "lr": 5.782172325201156e-05, "data_time": 0.001244187355041504, "loss": 1.309525239467621, "time": 0.5861835241317749, "epoch": 10, "iter": 12118, "memory": 17714, "step": 12118}
{"base_lr": 5.782172325201156e-05, "lr": 5.782172325201156e-05, "data_time": 3.1315608978271485, "loss": 1.3298785090446472, "time": 3.7168939113616943, "epoch": 10, "iter": 12143, "memory": 17714, "step": 12143}
{"base_lr": 5.782172325201156e-05, "lr": 5.782172325201156e-05, "data_time": 2.8688294649124146, "loss": 1.3148554682731628, "time": 3.4546050310134886, "epoch": 10, "iter": 12168, "memory": 17714, "step": 12168}
{"base_lr": 5.782172325201156e-05, "lr": 5.782172325201156e-05, "data_time": 2.6043001651763915, "loss": 1.312887930870056, "time": 3.201695466041565, "epoch": 10, "iter": 12193, "memory": 17714, "step": 12193}
{"base_lr": 5.782172325201156e-05, "lr": 5.782172325201156e-05, "data_time": 1.9427460432052612, "loss": 1.3118113040924073, "time": 2.5280731916427612, "epoch": 10, "iter": 12218, "memory": 17714, "step": 12218}
{"base_lr": 5.782172325201156e-05, "lr": 5.782172325201156e-05, "data_time": 0.0014026641845703125, "loss": 1.3205549240112304, "time": 0.587597393989563, "epoch": 10, "iter": 12243, "memory": 17714, "step": 12243}
{"base_lr": 5.782172325201156e-05, "lr": 5.782172325201156e-05, "data_time": 0.0012529611587524414, "loss": 1.3151198625564575, "time": 0.5871615409851074, "epoch": 10, "iter": 12268, "memory": 17714, "step": 12268}
{"base_lr": 5.782172325201156e-05, "lr": 5.782172325201156e-05, "data_time": 0.001343369483947754, "loss": 1.346770441532135, "time": 0.5873537063598633, "epoch": 10, "iter": 12293, "memory": 17714, "step": 12293}
{"base_lr": 5.782172325201156e-05, "lr": 5.782172325201156e-05, "data_time": 0.0009842157363891602, "loss": 1.3158977031707764, "time": 0.5874085187911987, "epoch": 10, "iter": 12318, "memory": 17714, "step": 12318}
{"base_lr": 5.782172325201156e-05, "lr": 5.782172325201156e-05, "data_time": 1.0503251791000365, "loss": 1.3146620512008667, "time": 1.6343849420547485, "epoch": 10, "iter": 12343, "memory": 17714, "step": 12343}
{"accuracy/top1": 61.942100524902344, "accuracy/top5": 82.46414947509766, "single-label/precision": 14.469615936279297, "single-label/recall": 12.955493927001953, "single-label/f1-score": 12.726688385009766, "data_time": 1.766391670703888, "time": 4.2283305644989015, "step": 10}
{"base_lr": 5.000000000000001e-05, "lr": 5.000000000000001e-05, "data_time": 0.0019500017166137694, "loss": 1.293165671825409, "time": 0.5897429466247559, "epoch": 11, "iter": 12387, "memory": 25934, "step": 12387}
{"base_lr": 5.000000000000001e-05, "lr": 5.000000000000001e-05, "data_time": 0.0012683868408203125, "loss": 1.3145576238632202, "time": 0.5885843753814697, "epoch": 11, "iter": 12412, "memory": 17714, "step": 12412}
{"base_lr": 5.000000000000001e-05, "lr": 5.000000000000001e-05, "data_time": 0.0015734434127807617, "loss": 1.2705497026443482, "time": 0.5883090019226074, "epoch": 11, "iter": 12437, "memory": 17714, "step": 12437}
{"base_lr": 5.000000000000001e-05, "lr": 5.000000000000001e-05, "data_time": 0.0020314455032348633, "loss": 1.302964174747467, "time": 0.5900353908538818, "epoch": 11, "iter": 12462, "memory": 17714, "step": 12462}
{"base_lr": 5.000000000000001e-05, "lr": 5.000000000000001e-05, "data_time": 0.003125286102294922, "loss": 1.3153445959091186, "time": 0.5953012228012085, "epoch": 11, "iter": 12487, "memory": 17714, "step": 12487}
{"base_lr": 5.000000000000001e-05, "lr": 5.000000000000001e-05, "data_time": 1.1976598739624023, "loss": 1.2753111243247985, "time": 1.7904117822647094, "epoch": 11, "iter": 12512, "memory": 17714, "step": 12512}
{"base_lr": 5.000000000000001e-05, "lr": 5.000000000000001e-05, "data_time": 1.303729248046875, "loss": 1.3064825415611268, "time": 1.8944826126098633, "epoch": 11, "iter": 12537, "memory": 17714, "step": 12537}
{"base_lr": 5.000000000000001e-05, "lr": 5.000000000000001e-05, "data_time": 1.8134725570678711, "loss": 1.2851749300956725, "time": 2.4034757137298586, "epoch": 11, "iter": 12562, "memory": 17714, "step": 12562}
{"base_lr": 5.000000000000001e-05, "lr": 5.000000000000001e-05, "data_time": 1.4160183906555175, "loss": 1.2861284017562866, "time": 2.005034303665161, "epoch": 11, "iter": 12587, "memory": 17714, "step": 12587}
{"base_lr": 5.000000000000001e-05, "lr": 5.000000000000001e-05, "data_time": 0.48995366096496584, "loss": 1.3245189905166626, "time": 1.0756986618041993, "epoch": 11, "iter": 12612, "memory": 17714, "step": 12612}
{"base_lr": 5.000000000000001e-05, "lr": 5.000000000000001e-05, "data_time": 0.5095425844192505, "loss": 1.30858371257782, "time": 1.0953688621520996, "epoch": 11, "iter": 12637, "memory": 17714, "step": 12637}
{"base_lr": 5.000000000000001e-05, "lr": 5.000000000000001e-05, "data_time": 0.0014033794403076171, "loss": 1.297831952571869, "time": 0.5884152173995971, "epoch": 11, "iter": 12662, "memory": 17714, "step": 12662}
{"base_lr": 5.000000000000001e-05, "lr": 5.000000000000001e-05, "data_time": 0.0010896444320678711, "loss": 1.3388302445411682, "time": 0.5940709114074707, "epoch": 11, "iter": 12687, "memory": 17714, "step": 12687}
{"base_lr": 5.000000000000001e-05, "lr": 5.000000000000001e-05, "data_time": 0.0010419130325317384, "loss": 1.3286418795585633, "time": 0.5866714954376221, "epoch": 11, "iter": 12712, "memory": 17714, "step": 12712}
{"accuracy/top1": 62.12471008300781, "accuracy/top5": 82.52323150634766, "single-label/precision": 14.495811462402344, "single-label/recall": 13.009188652038574, "single-label/f1-score": 12.766692161560059, "data_time": 1.6054471015930176, "time": 3.9984460711479186, "step": 11}
{"base_lr": 4.217827674798848e-05, "lr": 4.217827674798848e-05, "data_time": 0.001287388801574707, "loss": 1.2892390370368958, "time": 0.58761625289917, "epoch": 12, "iter": 12756, "memory": 25934, "step": 12756}
{"base_lr": 4.217827674798848e-05, "lr": 4.217827674798848e-05, "data_time": 0.0014267921447753905, "loss": 1.2728041648864745, "time": 0.587826156616211, "epoch": 12, "iter": 12781, "memory": 17714, "step": 12781}
{"base_lr": 4.217827674798848e-05, "lr": 4.217827674798848e-05, "data_time": 0.001395583152770996, "loss": 1.2977619886398315, "time": 0.5879743576049805, "epoch": 12, "iter": 12806, "memory": 17714, "step": 12806}
{"base_lr": 4.217827674798848e-05, "lr": 4.217827674798848e-05, "data_time": 0.0016137123107910155, "loss": 1.2865835666656493, "time": 0.5880340814590455, "epoch": 12, "iter": 12831, "memory": 17714, "step": 12831}
{"base_lr": 4.217827674798848e-05, "lr": 4.217827674798848e-05, "data_time": 0.002450370788574219, "loss": 1.3319475531578064, "time": 0.5920938014984131, "epoch": 12, "iter": 12856, "memory": 17714, "step": 12856}
{"base_lr": 4.217827674798848e-05, "lr": 4.217827674798848e-05, "data_time": 2.267686128616333, "loss": 1.2737221717834473, "time": 2.861049199104309, "epoch": 12, "iter": 12881, "memory": 17714, "step": 12881}
{"base_lr": 4.217827674798848e-05, "lr": 4.217827674798848e-05, "data_time": 2.104982042312622, "loss": 1.3150121808052062, "time": 2.694980239868164,