{"accuracy/top1": 66.14407348632812, "accuracy/top5": 87.8497085571289, "data_time": 0.09561486901908085, "time": 3.4752550618401887}