{"accuracy/top1": 66.14407348632812, "accuracy/top5": 87.8497085571289, "data_time": 0.11955790684140961, "time": 3.060545798005729}