{"accuracy/top1": 99.59600830078125, "single-label/precision": 97.504638671875, "single-label/recall": 93.98808288574219, "data_time": 4.62554686719721, "time": 21.580238754099067}