{"accuracy/top1": 96.7652816772461, "1/accuracy": 0.9638210657636785, "1/precision": 0.788627935723115, "1/recall": 0.7308132875143184, "1/f1": 0.7586206896551724, "1/f2": 0.7416879795396419, "1/tp": null, "1/tn": null, "1/fp": null, "1/fn": null, "single-label/precision_classwise": [97.18389892578125, 89.84375], "single-label/recall_classwise": [99.3719253540039, 65.86483001708984], "single-label/f1-score_classwise": [98.26573944091797, 76.00792694091797], "data_time": 1.3721038500467937, "time": 17.353492776552837}