{"accuracy/top1": 98.14649963378906, "1/accuracy": 0.9498306897166281, "1/precision": 0.6349319971367215, "1/recall": 0.9436170212765957, "1/f1": 0.7590928540864357, "1/f2": 0.8599961217762265, "1/tp": null, "1/tn": null, "1/fp": null, "1/fn": null, "single-label/precision_classwise": [98.37686920166016, 95.1851806640625], "single-label/recall_classwise": [99.62069702148438, 82.02127838134766], "single-label/f1-score_classwise": [98.99488067626953, 88.11428833007812], "data_time": 1.3253334363301594, "time": 17.304798523585003}