{"accuracy/top1": 98.5030746459961, "single-label/precision": 96.99772644042969, "single-label/recall": 92.10708618164062, "data_time": 6.997140407562256, "time": 22.72719371318817}