{"accuracy/top1": 40.9699592590332, "accuracy/top5": 63.08510208129883, "data_time": 1.3229957134165662, "time": 8.866170162850239}