{"accuracy/top1": 96.7652816772461, "single-label/precision_classwise": [97.18389892578125, 89.84375], "single-label/recall_classwise": [99.3719253540039, 65.86483001708984], "single-label/f1-score_classwise": [98.26573944091797, 76.00792694091797], "data_time": 6.73933760325114, "time": 22.434819102287292}