{"accuracy/top1": 82.27588653564453, "accuracy/top5": 95.55337524414062, "single-label/precision": 0.625989556312561, "single-label/recall": 0.541947066783905, "single-label/f1-score": 0.5683614015579224, "2354/accuracy": 0.9827125289609695, "2354/precision": 0.8952270081490105, "2354/recall": 0.8808705612829324, "2354/f1": 0.8879907621247112, "2354/f2": 0.8837048954263387, "2354/tp": null, "2354/tn": null, "2354/fp": null, "2354/fn": null, "2473/accuracy": 0.9919800392086972, "2473/precision": 0.9743303571428571, "2473/recall": 0.9287234042553192, "2473/f1": 0.9509803921568627, "2473/f2": 0.9375000000000001, "2473/tp": null, "2473/tn": null, "2473/fp": null, "2473/fn": null, "data_time": 0.0017901821299612054, "time": 0.4746991760460547}