{"accuracy/top1": 75.40764617919922, "accuracy/top5": 91.65998077392578, "data_time": 6.861499607563019, "time": 13.851114630699158}