{"base_lr": 9.549150281252631e-05, "lr": 9.549150281252631e-05, "data_time": 0.0009188652038574219, "loss": 0.13541092500090599, "time": 1.1004676342010498, "epoch": 13, "iter": 12724, "memory": 33870, "step": 12724}
{"base_lr": 9.549150281252631e-05, "lr": 9.549150281252631e-05, "data_time": 0.0011238574981689454, "loss": 0.0793545762076974, "time": 1.1039667129516602, "epoch": 13, "iter": 12824, "memory": 33870, "step": 12824}
{"base_lr": 9.549150281252631e-05, "lr": 9.549150281252631e-05, "data_time": 0.0009489774703979493, "loss": 0.13599594235420226, "time": 1.1032922983169555, "epoch": 13, "iter": 12924, "memory": 33870, "step": 12924}
{"base_lr": 9.549150281252631e-05, "lr": 9.549150281252631e-05, "data_time": 0.0014318227767944336, "loss": 0.08787262421101331, "time": 1.1047374725341796, "epoch": 13, "iter": 13024, "memory": 33870, "step": 13024}
{"base_lr": 9.549150281252631e-05, "lr": 9.549150281252631e-05, "data_time": 0.0009404420852661133, "loss": 0.14082599952816963, "time": 1.1036978960037231, "epoch": 13, "iter": 13124, "memory": 33870, "step": 13124}
{"base_lr": 9.549150281252631e-05, "lr": 9.549150281252631e-05, "data_time": 0.000999593734741211, "loss": 0.09151696898043156, "time": 1.1039483547210693, "epoch": 13, "iter": 13224, "memory": 33870, "step": 13224}
{"base_lr": 9.549150281252631e-05, "lr": 9.549150281252631e-05, "data_time": 0.0009953737258911132, "loss": 0.13059419877827166, "time": 1.1033738613128663, "epoch": 13, "iter": 13324, "memory": 33870, "step": 13324}
{"base_lr": 9.549150281252631e-05, "lr": 9.549150281252631e-05, "data_time": 0.0009704113006591796, "loss": 0.10834629833698273, "time": 1.1034603834152221, "epoch": 13, "iter": 13424, "memory": 33870, "step": 13424}
{"base_lr": 9.549150281252631e-05, "lr": 9.549150281252631e-05, "data_time": 0.0009474277496337891, "loss": 0.1200469322502613, "time": 1.1031110048294068, "epoch": 13, "iter": 13524, "memory": 33870, "step": 13524}
{"base_lr": 9.549150281252631e-05, "lr": 9.549150281252631e-05, "data_time": 0.0011644601821899415, "loss": 0.11958912722766399, "time": 1.1032337903976441, "epoch": 13, "iter": 13624, "memory": 33870, "step": 13624}
{"accuracy/top1": 75.77539825439453, "accuracy/top5": 92.9946517944336, "data_time": 0.056704951870825984, "time": 2.8802753186994985, "step": 13}
{"base_lr": 4.322727117869951e-05, "lr": 4.322727117869951e-05, "data_time": 0.0009049654006958007, "loss": 0.03149345945566893, "time": 1.1019282341003418, "epoch": 14, "iter": 13776, "memory": 33870, "step": 13776}
{"base_lr": 4.322727117869951e-05, "lr": 4.322727117869951e-05, "data_time": 0.0009257316589355469, "loss": 0.035378458350896834, "time": 1.100462794303894, "epoch": 14, "iter": 13876, "memory": 33870, "step": 13876}
{"base_lr": 4.322727117869951e-05, "lr": 4.322727117869951e-05, "data_time": 0.0009326457977294922, "loss": 0.052108235843479636, "time": 1.1018134593963622, "epoch": 14, "iter": 13976, "memory": 33870, "step": 13976}
{"base_lr": 4.322727117869951e-05, "lr": 4.322727117869951e-05, "data_time": 0.0009481906890869141, "loss": 0.03624223228543997, "time": 1.1014312028884887, "epoch": 14, "iter": 14076, "memory": 33870, "step": 14076}
{"base_lr": 4.322727117869951e-05, "lr": 4.322727117869951e-05, "data_time": 0.0009576320648193359, "loss": 0.04112064614892006, "time": 1.1010816812515258, "epoch": 14, "iter": 14176, "memory": 33870, "step": 14176}
{"base_lr": 4.322727117869951e-05, "lr": 4.322727117869951e-05, "data_time": 0.0009449481964111328, "loss": 0.036543510667979714, "time": 1.101385807991028, "epoch": 14, "iter": 14276, "memory": 33870, "step": 14276}
{"base_lr": 4.322727117869951e-05, "lr": 4.322727117869951e-05, "data_time": 0.0009474992752075195, "loss": 0.05325816515833139, "time": 1.1021627187728882, "epoch": 14, "iter": 14376, "memory": 33870, "step": 14376}
{"base_lr": 4.322727117869951e-05, "lr": 4.322727117869951e-05, "data_time": 0.0008981466293334961, "loss": 0.045062792114913465, "time": 1.1019562244415284, "epoch": 14, "iter": 14476, "memory": 33870, "step": 14476}
{"base_lr": 4.322727117869951e-05, "lr": 4.322727117869951e-05, "data_time": 0.0009129047393798828, "loss": 0.02404554057866335, "time": 1.1016107082366944, "epoch": 14, "iter": 14576, "memory": 33870, "step": 14576}
{"base_lr": 4.322727117869951e-05, "lr": 4.322727117869951e-05, "data_time": 0.001234292984008789, "loss": 0.05084548648446798, "time": 1.1033397436141967, "epoch": 14, "iter": 14676, "memory": 33870, "step": 14676}
{"accuracy/top1": 75.24063873291016, "accuracy/top5": 91.84491729736328, "data_time": 0.03527706669222924, "time": 2.8332889003138386, "step": 14}
{"base_lr": 1.0926199633097156e-05, "lr": 1.0926199633097156e-05, "data_time": 0.001012277603149414, "loss": 0.018374629132449628, "time": 1.1019407749176025, "epoch": 15, "iter": 14828, "memory": 33870, "step": 14828}
{"base_lr": 1.0926199633097156e-05, "lr": 1.0926199633097156e-05, "data_time": 0.0009858369827270507, "loss": 0.026045447029173375, "time": 1.1012990951538086, "epoch": 15, "iter": 14928, "memory": 33870, "step": 14928}
{"base_lr": 1.0926199633097156e-05, "lr": 1.0926199633097156e-05, "data_time": 0.0010040998458862305, "loss": 0.03714209143072367, "time": 1.101832389831543, "epoch": 15, "iter": 15028, "memory": 33870, "step": 15028}
{"base_lr": 1.0926199633097156e-05, "lr": 1.0926199633097156e-05, "data_time": 0.0009947538375854493, "loss": 0.03139935396611691, "time": 1.1018692970275878, "epoch": 15, "iter": 15128, "memory": 33870, "step": 15128}
{"base_lr": 1.0926199633097156e-05, "lr": 1.0926199633097156e-05, "data_time": 0.0009715080261230469, "loss": 0.019266031868755817, "time": 1.1015198469161986, "epoch": 15, "iter": 15228, "memory": 33870, "step": 15228}
{"base_lr": 1.0926199633097156e-05, "lr": 1.0926199633097156e-05, "data_time": 0.0009934663772583007, "loss": 0.027341251820325853, "time": 1.1015767812728883, "epoch": 15, "iter": 15328, "memory": 33870, "step": 15328}
{"base_lr": 1.0926199633097156e-05, "lr": 1.0926199633097156e-05, "data_time": 0.0009880304336547852, "loss": 0.01841507349163294, "time": 1.100186038017273, "epoch": 15, "iter": 15428, "memory": 33870, "step": 15428}
{"base_lr": 1.0926199633097156e-05, "lr": 1.0926199633097156e-05, "data_time": 0.000987410545349121, "loss": 0.019658390060067178, "time": 1.1006525754928589, "epoch": 15, "iter": 15528, "memory": 33870, "step": 15528}
{"base_lr": 1.0926199633097156e-05, "lr": 1.0926199633097156e-05, "data_time": 0.0010043859481811523, "loss": 0.015529022738337516, "time": 1.0999761819839478, "epoch": 15, "iter": 15628, "memory": 33870, "step": 15628}
{"base_lr": 1.0926199633097156e-05, "lr": 1.0926199633097156e-05, "data_time": 0.0009797334671020508, "loss": 0.022140057757496834, "time": 1.1012621641159057, "epoch": 15, "iter": 15728, "memory": 33870, "step": 15728}
{"accuracy/top1": 75.32085418701172, "accuracy/top5": 91.87165832519531, "data_time": 0.03958653634594333, "time": 2.849184743819698, "step": 15}
