{"base_lr": 0.0001, "lr": 0.0001, "data_time": 0.0006312847137451172, "loss": 6.985673904418945, "time": 1.2703862190246582, "epoch": 1, "iter": 25, "memory": 32400, "step": 25}
{"base_lr": 0.0001, "lr": 0.0001, "data_time": 0.0006057024002075195, "loss": 4.600131416320801, "time": 1.271975302696228, "epoch": 1, "iter": 50, "memory": 32400, "step": 50}
{"accuracy/top1": 53.74331283569336, "accuracy/top5": 80.42780303955078, "data_time": 1.4572956562042236, "time": 8.490410327911377, "step": 1}
{"base_lr": 9.938441702975689e-05, "lr": 9.938441702975689e-05, "data_time": 0.0023807525634765626, "loss": 2.511139392852783, "time": 1.2778049945831298, "epoch": 2, "iter": 91, "memory": 48840, "step": 91}
{"base_lr": 9.938441702975689e-05, "lr": 9.938441702975689e-05, "data_time": 0.001251530647277832, "loss": 2.079585337638855, "time": 1.277779459953308, "epoch": 2, "iter": 116, "memory": 32400, "step": 116}
{"accuracy/top1": 57.647056579589844, "accuracy/top5": 83.28877258300781, "data_time": 1.2735748767852784, "time": 7.672281646728516, "step": 2}
{"base_lr": 9.755282581475769e-05, "lr": 9.755282581475769e-05, "data_time": 0.0010530948638916016, "loss": 1.746983242034912, "time": 1.279093337059021, "epoch": 3, "iter": 157, "memory": 48840, "step": 157}
{"base_lr": 9.755282581475769e-05, "lr": 9.755282581475769e-05, "data_time": 0.0025549411773681642, "loss": 1.6355168581008912, "time": 1.289210820198059, "epoch": 3, "iter": 182, "memory": 32400, "step": 182}
{"accuracy/top1": 63.609622955322266, "accuracy/top5": 86.44384765625, "data_time": 3.155690860748291, "time": 9.561933374404907, "step": 3}
{"base_lr": 9.45503262094184e-05, "lr": 9.45503262094184e-05, "data_time": 0.0049286365509033205, "loss": 1.483003032207489, "time": 1.2997589826583862, "epoch": 4, "iter": 223, "memory": 48840, "step": 223}
{"base_lr": 9.45503262094184e-05, "lr": 9.45503262094184e-05, "data_time": 0.0012961626052856445, "loss": 1.4316545844078064, "time": 1.275666356086731, "epoch": 4, "iter": 248, "memory": 32400, "step": 248}
{"accuracy/top1": 66.44384765625, "accuracy/top5": 87.88770294189453, "data_time": 0.9924995422363281, "time": 7.398478317260742, "step": 4}
{"base_lr": 9.045084971874738e-05, "lr": 9.045084971874738e-05, "data_time": 0.0011185884475708007, "loss": 1.3551703333854674, "time": 1.276491928100586, "epoch": 5, "iter": 289, "memory": 48840, "step": 289}
{"base_lr": 9.045084971874738e-05, "lr": 9.045084971874738e-05, "data_time": 0.0010638713836669921, "loss": 1.3284585237503053, "time": 1.2771600246429444, "epoch": 5, "iter": 314, "memory": 32400, "step": 314}
{"accuracy/top1": 68.4224624633789, "accuracy/top5": 88.82352447509766, "data_time": 12.550791788101197, "time": 18.959128665924073, "step": 5}
{"base_lr": 8.535533905932738e-05, "lr": 8.535533905932738e-05, "data_time": 0.0018366336822509765, "loss": 1.267057192325592, "time": 1.2818305969238282, "epoch": 6, "iter": 355, "memory": 48840, "step": 355}
{"base_lr": 8.535533905932738e-05, "lr": 8.535533905932738e-05, "data_time": 0.0014000177383422852, "loss": 1.2432429552078248, "time": 1.278803777694702, "epoch": 6, "iter": 380, "memory": 32400, "step": 380}
{"accuracy/top1": 69.35828399658203, "accuracy/top5": 89.3048095703125, "data_time": 6.811327886581421, "time": 13.227135419845581, "step": 6}
{"base_lr": 7.938926261462366e-05, "lr": 7.938926261462366e-05, "data_time": 0.0035995721817016603, "loss": 1.1935033798217773, "time": 1.2922696113586425, "epoch": 7, "iter": 421, "memory": 48840, "step": 421}
{"base_lr": 7.938926261462366e-05, "lr": 7.938926261462366e-05, "data_time": 0.004235482215881348, "loss": 1.1939482688903809, "time": 1.2965625047683715, "epoch": 7, "iter": 446, "memory": 32400, "step": 446}
{"accuracy/top1": 70.21390533447266, "accuracy/top5": 89.57218933105469, "data_time": 0.979908800125122, "time": 7.39161958694458, "step": 7}
{"base_lr": 7.269952498697734e-05, "lr": 7.269952498697734e-05, "data_time": 0.0014523744583129882, "loss": 1.1365821838378907, "time": 1.276991057395935, "epoch": 8, "iter": 487, "memory": 48840, "step": 487}
{"base_lr": 7.269952498697734e-05, "lr": 7.269952498697734e-05, "data_time": 0.001208329200744629, "loss": 1.136185109615326, "time": 1.2777185916900635, "epoch": 8, "iter": 512, "memory": 32400, "step": 512}
{"accuracy/top1": 70.90908813476562, "accuracy/top5": 89.78609466552734, "data_time": 2.6769197463989256, "time": 9.095987272262573, "step": 8}
