{"accuracy/top1": 72.46725463867188, "accuracy/top5": 90.85806274414062, "data_time": 7.024224281311035, "time": 13.991989612579346}