{"accuracy/top1": 98.5030746459961, "single-label/precision_classwise": [98.73853302001953, 95.25691986083984], "single-label/recall_classwise": [99.65277862548828, 84.5614013671875], "data_time": 1.6883153319358826, "time": 17.398341178894043}