{"accuracy/top1": 21.278261184692383, "accuracy/top5": 45.192413330078125, "data_time": 0.135319082127061, "time": 2.361223693226659}