{"accuracy/top1": 52.70758056640625, "accuracy/top5": 77.16917419433594, "data_time": 3.3302683234214783, "time": 10.76676207780838}