{"accuracy/top1": 0.06224324554204941, "accuracy/top5": 0.13693514466285706, "data_time": 2.0844652950763702, "time": 9.574099481105804}