{"accuracy/top1": 20.013107299804688, "accuracy/top5": 43.78527069091797, "data_time": 1.1288105558466028, "time": 4.4675687021679344}