{"base_lr": 0.0001, "lr": 0.0001, "data_time": 0.0011971235275268556, "loss": 8.446119689941407, "time": 1.3091299533843994, "epoch": 1, "iter": 25, "memory": 32400, "step": 25}
{"base_lr": 0.0001, "lr": 0.0001, "data_time": 0.0036594390869140623, "loss": 7.794285583496094, "time": 1.2824404001235963, "epoch": 1, "iter": 50, "memory": 32400, "step": 50}
{"base_lr": 0.0001, "lr": 0.0001, "data_time": 0.0019893884658813477, "loss": 7.203997039794922, "time": 1.3080182552337647, "epoch": 1, "iter": 75, "memory": 32400, "step": 75}
{"base_lr": 0.0001, "lr": 0.0001, "data_time": 0.004942870140075684, "loss": 6.6592127799987795, "time": 1.2948700666427613, "epoch": 1, "iter": 100, "memory": 32400, "step": 100}
{"base_lr": 0.0001, "lr": 0.0001, "data_time": 0.002092432975769043, "loss": 6.127352666854859, "time": 1.2880549669265746, "epoch": 1, "iter": 125, "memory": 32400, "step": 125}
{"base_lr": 0.0001, "lr": 0.0001, "data_time": 0.005900335311889648, "loss": 5.7108471393585205, "time": 1.3237625360488892, "epoch": 1, "iter": 150, "memory": 32400, "step": 150}
{"base_lr": 0.0001, "lr": 0.0001, "data_time": 0.0034621238708496095, "loss": 5.313311576843262, "time": 1.2912743091583252, "epoch": 1, "iter": 175, "memory": 32400, "step": 175}
{"base_lr": 0.0001, "lr": 0.0001, "data_time": 0.0022954940795898438, "loss": 4.92323932647705, "time": 1.2962592601776124, "epoch": 1, "iter": 200, "memory": 32400, "step": 200}
{"base_lr": 0.0001, "lr": 0.0001, "data_time": 0.0033269643783569334, "loss": 4.627388668060303, "time": 1.2849260330200196, "epoch": 1, "iter": 225, "memory": 32400, "step": 225}
{"base_lr": 0.0001, "lr": 0.0001, "data_time": 0.005326485633850098, "loss": 4.362901782989502, "time": 1.2947532415390015, "epoch": 1, "iter": 250, "memory": 32400, "step": 250}
{"base_lr": 0.0001, "lr": 0.0001, "data_time": 0.007935357093811036, "loss": 4.090149307250977, "time": 1.3120503425598145, "epoch": 1, "iter": 275, "memory": 32400, "step": 275}
{"base_lr": 0.0001, "lr": 0.0001, "data_time": 0.0020093202590942385, "loss": 3.9268365859985352, "time": 1.287203311920166, "epoch": 1, "iter": 300, "memory": 32400, "step": 300}
{"base_lr": 0.0001, "lr": 0.0001, "data_time": 0.0018915414810180664, "loss": 3.730550742149353, "time": 1.285016083717346, "epoch": 1, "iter": 325, "memory": 32400, "step": 325}
{"base_lr": 0.0001, "lr": 0.0001, "data_time": 0.002118849754333496, "loss": 3.5399323225021364, "time": 1.2853683471679687, "epoch": 1, "iter": 350, "memory": 32400, "step": 350}
{"base_lr": 0.0001, "lr": 0.0001, "data_time": 0.0020330667495727537, "loss": 3.4209051370620727, "time": 1.2855873346328734, "epoch": 1, "iter": 375, "memory": 32400, "step": 375}
{"base_lr": 0.0001, "lr": 0.0001, "data_time": 0.00590517520904541, "loss": 3.2875921964645385, "time": 1.4065653800964355, "epoch": 1, "iter": 400, "memory": 32400, "step": 400}
{"base_lr": 0.0001, "lr": 0.0001, "data_time": 0.006181073188781738, "loss": 3.19615843296051, "time": 1.2878996133804321, "epoch": 1, "iter": 425, "memory": 32400, "step": 425}
{"base_lr": 0.0001, "lr": 0.0001, "data_time": 0.002354550361633301, "loss": 3.074458646774292, "time": 1.2942994356155395, "epoch": 1, "iter": 450, "memory": 32400, "step": 450}
{"base_lr": 0.0001, "lr": 0.0001, "data_time": 0.09771125316619873, "loss": 3.0291393041610717, "time": 1.5829306602478028, "epoch": 1, "iter": 475, "memory": 32400, "step": 475}
{"base_lr": 0.0001, "lr": 0.0001, "data_time": 0.0020725011825561525, "loss": 2.9056405067443847, "time": 1.2886641025543213, "epoch": 1, "iter": 500, "memory": 32400, "step": 500}
{"base_lr": 0.0001, "lr": 0.0001, "data_time": 0.23399536609649657, "loss": 2.835204815864563, "time": 1.786827802658081, "epoch": 1, "iter": 525, "memory": 32400, "step": 525}
{"base_lr": 0.0001, "lr": 0.0001, "data_time": 0.0019580602645874025, "loss": 2.7780883073806764, "time": 1.2954555749893188, "epoch": 1, "iter": 550, "memory": 32400, "step": 550}
{"base_lr": 0.0001, "lr": 0.0001, "data_time": 0.0030462980270385743, "loss": 2.702995944023132, "time": 1.2853466510772704, "epoch": 1, "iter": 575, "memory": 32400, "step": 575}
{"base_lr": 0.0001, "lr": 0.0001, "data_time": 0.0380993127822876, "loss": 2.6734748125076293, "time": 1.5849699020385741, "epoch": 1, "iter": 600, "memory": 32400, "step": 600}
{"base_lr": 0.0001, "lr": 0.0001, "data_time": 0.0015451908111572266, "loss": 2.5806572437286377, "time": 1.285307025909424, "epoch": 1, "iter": 625, "memory": 32400, "step": 625}
{"base_lr": 0.0001, "lr": 0.0001, "data_time": 0.002087521553039551, "loss": 2.519379448890686, "time": 1.2821085691452025, "epoch": 1, "iter": 650, "memory": 32400, "step": 650}
