{"accuracy/top1": 27.125288009643555, "accuracy/top5": 47.68212127685547, "data_time": 0.11645897503556876, "time": 3.0539443164036193}