{"accuracy/top1": 83.68098449707031, "accuracy/top5": 95.8282241821289, "single-label/precision": 0.5133873820304871, "single-label/recall": 0.48075273633003235, "single-label/f1-score": 0.4857679605484009, "2354/accuracy": 0.9901840490797545, "2354/precision": 0.9230769230769231, "2354/recall": 0.9230769230769231, "2354/f1": 0.9230769230769231, "2354/f2": 0.9230769230769231, "2354/tp": null, "2354/tn": null, "2354/fp": null, "2354/fn": null, "2473/accuracy": 0.992638036809816, "2473/precision": 0.9322033898305084, "2473/recall": 0.9649122807017544, "2473/f1": 0.9482758620689654, "2473/f2": 0.9581881533101045, "2473/tp": null, "2473/tn": null, "2473/fp": null, "2473/fn": null, "data_time": 0.004182235867369408, "time": 1.561625410528744}