{"accuracy/top1": 40.990821838378906, "accuracy/top5": 63.11639404296875, "data_time": 1.464747819494694, "time": 9.022295637333647}