{"accuracy/top1": 94.94584655761719, "accuracy/top5": 99.63898468017578, "data_time": 0.49912341435750324, "time": 2.967979669570923}