{"accuracy/top1": 56.11851119995117, "accuracy/top5": 80.61744689941406, "data_time": 2.0287379324436188, "time": 9.552946209907532}