{"base_lr": 1e-05, "lr": 1e-05, "data_time": 0.0011547088623046875, "loss": 1.2414241313934327, "time": 1.1291674613952636, "epoch": 1, "iter": 100, "memory": 65503, "step": 100}
{"base_lr": 1e-05, "lr": 1e-05, "data_time": 0.0010203838348388672, "loss": 1.2641327619552611, "time": 1.12826509475708, "epoch": 1, "iter": 200, "memory": 65503, "step": 200}
{"base_lr": 1e-05, "lr": 1e-05, "data_time": 0.0011098146438598632, "loss": 1.264214527606964, "time": 1.1314286470413208, "epoch": 1, "iter": 300, "memory": 65503, "step": 300}
