{"accuracy/top1": 64.48059844970703, "accuracy/top5": 85.17729949951172, "data_time": 1.5112179188018149, "time": 9.019870352237783}