{"base_lr": 6.545084971874738e-05, "lr": 6.545084971874738e-05, "data_time": 0.0031672239303588865, "loss": 1.3507685542106629, "time": 1.41956787109375, "epoch": 9, "iter": 11833, "memory": 35242, "step": 11833}
{"base_lr": 6.545084971874738e-05, "lr": 6.545084971874738e-05, "data_time": 0.004677128791809082, "loss": 1.327752959728241, "time": 1.4247375965118407, "epoch": 9, "iter": 11858, "memory": 35242, "step": 11858}
{"base_lr": 6.545084971874738e-05, "lr": 6.545084971874738e-05, "data_time": 0.003002452850341797, "loss": 1.322881531715393, "time": 1.4172911167144775, "epoch": 9, "iter": 11883, "memory": 35242, "step": 11883}
{"base_lr": 6.545084971874738e-05, "lr": 6.545084971874738e-05, "data_time": 0.004432892799377442, "loss": 1.334915542602539, "time": 1.4263630867004395, "epoch": 9, "iter": 11908, "memory": 35242, "step": 11908}
{"base_lr": 6.545084971874738e-05, "lr": 6.545084971874738e-05, "data_time": 0.005200409889221191, "loss": 1.3153124809265138, "time": 1.4536686658859252, "epoch": 9, "iter": 11933, "memory": 35242, "step": 11933}
{"base_lr": 6.545084971874738e-05, "lr": 6.545084971874738e-05, "data_time": 4.651811957359314, "loss": 1.3169571995735168, "time": 6.087651705741882, "epoch": 9, "iter": 11958, "memory": 35242, "step": 11958}
{"base_lr": 6.545084971874738e-05, "lr": 6.545084971874738e-05, "data_time": 4.210085058212281, "loss": 1.3271694779396057, "time": 5.621820306777954, "epoch": 9, "iter": 11983, "memory": 35242, "step": 11983}
{"accuracy/top1": 61.84005355834961, "accuracy/top5": 82.26542663574219, "single-label/precision": 14.267104148864746, "single-label/recall": 12.876298904418945, "single-label/f1-score": 12.585647583007812, "data_time": 5.706495588476008, "time": 10.680578448555686, "step": 9}
