{"accuracy/top1": 96.7652816772461, "accuracy": 0.9676528248084121, "precision": 0.8984375, "recall": 0.6586483390607102, "f1": 0.760079312623926, "tp": null, "tn": null, "fp": null, "fn": null, "single-label/precision_classwise": [97.18389892578125, 89.84375], "single-label/recall_classwise": [99.3719253540039, 65.86483001708984], "single-label/f1-score_classwise": [98.26573944091797, 76.00792694091797], "fns": [[0, 298]], "data_time": 0.5578547607768666, "time": 17.805432774803855}