{"accuracy/top1": 75.40764617919922, "accuracy/top5": 91.65998077392578, "single-label/precision": 0.5480552315711975, "single-label/recall": 0.468433678150177, "single-label/f1-score": 0.49115148186683655, "data_time": 1.7023188471794128, "time": 17.40953767299652}