{"accuracy/top1": 74.6859130859375, "accuracy/top5": 91.52632904052734, "data_time": 19.104494333267212, "time": 35.045592069625854}