{"accuracy/top1": 96.7652816772461, "accuracy": 0.9113348779183746, "precision": 0.4610969387755102, "recall": 0.8281786941580757, "f1": 0.5923801720606309, "tp": null, "tn": null, "fp": null, "fn": null, "single-label/precision_classwise": [97.18389892578125, 89.84375], "single-label/recall_classwise": [99.3719253540039, 65.86483001708984], "single-label/f1-score_classwise": [98.26573944091797, 76.00792694091797], "fns": [[0, 150]], "data_time": 0.5971289331262762, "time": 17.855551372874867}