{"accuracy/top1": 0.0, "accuracy/top5": 0.0, "data_time": 0.20834785083244586, "time": 3.592747453985543}