{"accuracy/top1": 52.60799026489258, "accuracy/top5": 77.31855773925781, "data_time": 2.041375160217285, "time": 9.526561498641968}