{"accuracy/top1": 9.195402145385742, "accuracy/top5": 16.706762313842773, "data_time": 11.67377370595932, "time": 18.769521713256836}