{"base_lr": 5.000000000000001e-05, "lr": 5.000000000000001e-05, "data_time": 0.002105379104614258, "loss": 0.010526825301349163, "time": 2.5536486148834228, "epoch": 11, "iter": 3865, "memory": 32309, "step": 3865}
{"base_lr": 5.000000000000001e-05, "lr": 5.000000000000001e-05, "data_time": 0.0020034074783325194, "loss": 0.01082655219361186, "time": 2.513126540184021, "epoch": 11, "iter": 3890, "memory": 32309, "step": 3890}
{"base_lr": 5.000000000000001e-05, "lr": 5.000000000000001e-05, "data_time": 0.0031395912170410155, "loss": 0.010784815298393369, "time": 2.518846559524536, "epoch": 11, "iter": 3915, "memory": 32309, "step": 3915}
{"base_lr": 5.000000000000001e-05, "lr": 5.000000000000001e-05, "data_time": 0.0021916627883911133, "loss": 0.008571277000010013, "time": 2.549810695648193, "epoch": 11, "iter": 3940, "memory": 32309, "step": 3940}
{"base_lr": 5.000000000000001e-05, "lr": 5.000000000000001e-05, "data_time": 0.0021280527114868166, "loss": 0.01180191389285028, "time": 2.5142844915390015, "epoch": 11, "iter": 3965, "memory": 32309, "step": 3965}
{"base_lr": 5.000000000000001e-05, "lr": 5.000000000000001e-05, "data_time": 0.002391958236694336, "loss": 0.011927418224513531, "time": 2.519651508331299, "epoch": 11, "iter": 3990, "memory": 32309, "step": 3990}
{"base_lr": 5.000000000000001e-05, "lr": 5.000000000000001e-05, "data_time": 0.002597999572753906, "loss": 0.011129353381693362, "time": 2.553248977661133, "epoch": 11, "iter": 4015, "memory": 32309, "step": 4015}
{"base_lr": 5.000000000000001e-05, "lr": 5.000000000000001e-05, "data_time": 0.0025215387344360352, "loss": 0.010419819736853242, "time": 2.5165515899658204, "epoch": 11, "iter": 4040, "memory": 32309, "step": 4040}
{"base_lr": 5.000000000000001e-05, "lr": 5.000000000000001e-05, "data_time": 0.0024356842041015625, "loss": 0.009522281866520644, "time": 2.515922999382019, "epoch": 11, "iter": 4065, "memory": 32309, "step": 4065}
{"base_lr": 5.000000000000001e-05, "lr": 5.000000000000001e-05, "data_time": 0.0024294614791870116, "loss": 0.011672942386940121, "time": 2.5162872791290285, "epoch": 11, "iter": 4090, "memory": 32309, "step": 4090}
{"base_lr": 5.000000000000001e-05, "lr": 5.000000000000001e-05, "data_time": 0.002489519119262695, "loss": 0.011703753378242254, "time": 2.5160864114761354, "epoch": 11, "iter": 4115, "memory": 32309, "step": 4115}
{"base_lr": 5.000000000000001e-05, "lr": 5.000000000000001e-05, "data_time": 0.0025206804275512695, "loss": 0.013130530528724194, "time": 2.516454792022705, "epoch": 11, "iter": 4140, "memory": 32309, "step": 4140}
{"base_lr": 5.000000000000001e-05, "lr": 5.000000000000001e-05, "data_time": 0.002569746971130371, "loss": 0.011316898511722684, "time": 2.5160931825637816, "epoch": 11, "iter": 4165, "memory": 32309, "step": 4165}
{"base_lr": 5.000000000000001e-05, "lr": 5.000000000000001e-05, "data_time": 0.002971196174621582, "loss": 0.00931869437918067, "time": 2.520058012008667, "epoch": 11, "iter": 4190, "memory": 32309, "step": 4190}
{"base_lr": 5.000000000000001e-05, "lr": 5.000000000000001e-05, "data_time": 0.0018454551696777343, "loss": 0.009231879701837897, "time": 2.513227868080139, "epoch": 11, "iter": 4215, "memory": 32309, "step": 4215}
{"accuracy/top1": 99.57805633544922, "single-label/precision": 97.13517761230469, "single-label/recall": 93.97887420654297, "data_time": 4.10998406012853, "time": 20.34343906243642, "step": 11}
{"base_lr": 4.217827674798848e-05, "lr": 4.217827674798848e-05, "data_time": 0.0022174358367919923, "loss": 0.008235845807939767, "time": 2.5054916620254515, "epoch": 12, "iter": 4249, "memory": 48749, "step": 4249}
{"base_lr": 4.217827674798848e-05, "lr": 4.217827674798848e-05, "data_time": 0.0022356510162353516, "loss": 0.0100739361718297, "time": 2.50926034450531, "epoch": 12, "iter": 4274, "memory": 32309, "step": 4274}
{"base_lr": 4.217827674798848e-05, "lr": 4.217827674798848e-05, "data_time": 0.002960658073425293, "loss": 0.007627317542210221, "time": 2.515177321434021, "epoch": 12, "iter": 4299, "memory": 32309, "step": 4299}
{"base_lr": 4.217827674798848e-05, "lr": 4.217827674798848e-05, "data_time": 0.002436399459838867, "loss": 0.012609553104266525, "time": 2.5125958204269407, "epoch": 12, "iter": 4324, "memory": 32309, "step": 4324}
{"base_lr": 4.217827674798848e-05, "lr": 4.217827674798848e-05, "data_time": 0.00286557674407959, "loss": 0.011889740405604244, "time": 2.515459728240967, "epoch": 12, "iter": 4349, "memory": 32309, "step": 4349}
{"base_lr": 4.217827674798848e-05, "lr": 4.217827674798848e-05, "data_time": 0.0027990818023681642, "loss": 0.013275264063850045, "time": 2.5144818305969237, "epoch": 12, "iter": 4374, "memory": 32309, "step": 4374}
{"base_lr": 4.217827674798848e-05, "lr": 4.217827674798848e-05, "data_time": 0.0024742364883422853, "loss": 0.0139236306771636, "time": 2.5144662618637086, "epoch": 12, "iter": 4399, "memory": 32309, "step": 4399}
{"base_lr": 4.217827674798848e-05, "lr": 4.217827674798848e-05, "data_time": 0.0025948047637939452, "loss": 0.010877696750685572, "time": 2.5146703481674195, "epoch": 12, "iter": 4424, "memory": 32309, "step": 4424}
{"base_lr": 4.217827674798848e-05, "lr": 4.217827674798848e-05, "data_time": 0.0033986806869506837, "loss": 0.012458550371229648, "time": 2.5184168815612793, "epoch": 12, "iter": 4449, "memory": 32309, "step": 4449}
{"base_lr": 4.217827674798848e-05, "lr": 4.217827674798848e-05, "data_time": 0.0028333187103271483, "loss": 0.011045207176357508, "time": 2.5485217571258545, "epoch": 12, "iter": 4474, "memory": 32309, "step": 4474}
{"base_lr": 4.217827674798848e-05, "lr": 4.217827674798848e-05, "data_time": 0.0036486148834228515, "loss": 0.0073925974778831, "time": 2.531058669090271, "epoch": 12, "iter": 4499, "memory": 32309, "step": 4499}
{"base_lr": 4.217827674798848e-05, "lr": 4.217827674798848e-05, "data_time": 0.00391082763671875, "loss": 0.010770419659093023, "time": 2.5339665174484254, "epoch": 12, "iter": 4524, "memory": 32309, "step": 4524}
{"base_lr": 4.217827674798848e-05, "lr": 4.217827674798848e-05, "data_time": 0.0028252363204956054, "loss": 0.013101847004145383, "time": 2.5235983610153196, "epoch": 12, "iter": 4549, "memory": 32309, "step": 4549}
{"base_lr": 4.217827674798848e-05, "lr": 4.217827674798848e-05, "data_time": 0.004250550270080566, "loss": 0.008445006655529141, "time": 2.5375320672988892, "epoch": 12, "iter": 4574, "memory": 32309, "step": 4574}
{"base_lr": 4.217827674798848e-05, "lr": 4.217827674798848e-05, "data_time": 0.003044867515563965, "loss": 0.009865809278562666, "time": 2.5229644536972047, "epoch": 12, "iter": 4599, "memory": 32309, "step": 4599}
{"accuracy/top1": 99.59600830078125, "single-label/precision": 97.504638671875, "single-label/recall": 93.98808288574219, "data_time": 4.058980385462443, "time": 20.885165750980377, "step": 12}
