{"base_lr": 0.001, "lr": 0.001, "data_time": 0.0011141538619995118, "loss": 3.3755416870117188, "time": 1.0926614999771118, "epoch": 1, "iter": 100, "memory": 33872, "step": 100}
{"base_lr": 0.001, "lr": 0.001, "data_time": 0.001073312759399414, "loss": 3.26015625, "time": 1.099879789352417, "epoch": 1, "iter": 200, "memory": 33872, "step": 200}
{"base_lr": 0.001, "lr": 0.001, "data_time": 0.002071571350097656, "loss": 2.7988361358642577, "time": 1.1009086847305298, "epoch": 1, "iter": 300, "memory": 33872, "step": 300}
{"base_lr": 0.001, "lr": 0.001, "data_time": 0.0010452747344970703, "loss": 2.8579891204833983, "time": 1.100180745124817, "epoch": 1, "iter": 400, "memory": 33872, "step": 400}
{"base_lr": 0.001, "lr": 0.001, "data_time": 0.0010689496994018555, "loss": 2.6886247634887694, "time": 1.1013067960739136, "epoch": 1, "iter": 500, "memory": 33872, "step": 500}
{"base_lr": 0.001, "lr": 0.001, "data_time": 0.0010589599609375, "loss": 2.487073802947998, "time": 1.1011966943740845, "epoch": 1, "iter": 600, "memory": 33872, "step": 600}
{"base_lr": 0.001, "lr": 0.001, "data_time": 0.0009888648986816407, "loss": 2.3641876697540285, "time": 1.101241660118103, "epoch": 1, "iter": 700, "memory": 33872, "step": 700}
{"base_lr": 0.001, "lr": 0.001, "data_time": 0.0010821819305419922, "loss": 2.2261611461639403, "time": 1.1014458179473876, "epoch": 1, "iter": 800, "memory": 33872, "step": 800}
{"base_lr": 0.001, "lr": 0.001, "data_time": 0.001096653938293457, "loss": 2.1904531955718993, "time": 1.1021191358566285, "epoch": 1, "iter": 900, "memory": 33872, "step": 900}
{"base_lr": 0.001, "lr": 0.001, "data_time": 0.0011048316955566406, "loss": 2.0347679615020753, "time": 1.1014161348342895, "epoch": 1, "iter": 1000, "memory": 33872, "step": 1000}
{"accuracy/top1": 43.395721435546875, "accuracy/top5": 76.12299346923828, "data_time": 0.046889026959737144, "time": 2.943349742889404, "step": 1}
{"base_lr": 0.0009890738003669028, "lr": 0.0009890738003669028, "data_time": 0.0009300947189331054, "loss": 1.8066197633743286, "time": 1.1016814231872558, "epoch": 2, "iter": 1152, "memory": 33872, "step": 1152}
{"base_lr": 0.0009890738003669028, "lr": 0.0009890738003669028, "data_time": 0.0013462066650390624, "loss": 1.8998302102088929, "time": 1.1016802310943603, "epoch": 2, "iter": 1252, "memory": 33872, "step": 1252}
{"base_lr": 0.0009890738003669028, "lr": 0.0009890738003669028, "data_time": 0.0010569095611572266, "loss": 1.7450555443763733, "time": 1.1019656181335449, "epoch": 2, "iter": 1352, "memory": 33872, "step": 1352}
{"base_lr": 0.0009890738003669028, "lr": 0.0009890738003669028, "data_time": 0.000952911376953125, "loss": 1.648216927051544, "time": 1.1022719860076904, "epoch": 2, "iter": 1452, "memory": 33872, "step": 1452}
{"base_lr": 0.0009890738003669028, "lr": 0.0009890738003669028, "data_time": 0.0010077476501464844, "loss": 1.6704761624336242, "time": 1.1024717330932616, "epoch": 2, "iter": 1552, "memory": 33872, "step": 1552}
{"base_lr": 0.0009890738003669028, "lr": 0.0009890738003669028, "data_time": 0.0009398460388183594, "loss": 1.6824500560760498, "time": 1.1020797729492187, "epoch": 2, "iter": 1652, "memory": 33872, "step": 1652}
{"base_lr": 0.0009890738003669028, "lr": 0.0009890738003669028, "data_time": 0.0009494781494140625, "loss": 1.539014959335327, "time": 1.1015625238418578, "epoch": 2, "iter": 1752, "memory": 33872, "step": 1752}
{"base_lr": 0.0009890738003669028, "lr": 0.0009890738003669028, "data_time": 0.0009949445724487306, "loss": 1.6753150582313538, "time": 1.1018359184265136, "epoch": 2, "iter": 1852, "memory": 33872, "step": 1852}
{"base_lr": 0.0009890738003669028, "lr": 0.0009890738003669028, "data_time": 0.0010955333709716797, "loss": 1.6741677284240724, "time": 1.1014123678207397, "epoch": 2, "iter": 1952, "memory": 33872, "step": 1952}
{"base_lr": 0.0009890738003669028, "lr": 0.0009890738003669028, "data_time": 0.0009730339050292968, "loss": 1.5782480239868164, "time": 1.102590799331665, "epoch": 2, "iter": 2052, "memory": 33872, "step": 2052}
{"accuracy/top1": 57.62031936645508, "accuracy/top5": 85.05347442626953, "data_time": 0.03165268128918063, "time": 2.847847830864691, "step": 2}
{"base_lr": 0.0009567727288213003, "lr": 0.0009567727288213003, "data_time": 0.0009749889373779297, "loss": 1.5008566617965697, "time": 1.1011818408966065, "epoch": 3, "iter": 2204, "memory": 33872, "step": 2204}
{"base_lr": 0.0009567727288213003, "lr": 0.0009567727288213003, "data_time": 0.0010779857635498046, "loss": 1.4010454893112183, "time": 1.1018755197525025, "epoch": 3, "iter": 2304, "memory": 33872, "step": 2304}
{"base_lr": 0.0009567727288213003, "lr": 0.0009567727288213003, "data_time": 0.0014906883239746093, "loss": 1.3775068521499634, "time": 1.1029186964035034, "epoch": 3, "iter": 2404, "memory": 33872, "step": 2404}
{"base_lr": 0.0009567727288213003, "lr": 0.0009567727288213003, "data_time": 0.0009459257125854492, "loss": 1.3549962282180785, "time": 1.1028656244277955, "epoch": 3, "iter": 2504, "memory": 33872, "step": 2504}
{"base_lr": 0.0009567727288213003, "lr": 0.0009567727288213003, "data_time": 0.0009723424911499024, "loss": 1.3545039296150208, "time": 1.1026935338974, "epoch": 3, "iter": 2604, "memory": 33872, "step": 2604}
{"base_lr": 0.0009567727288213003, "lr": 0.0009567727288213003, "data_time": 0.0010066270828247071, "loss": 1.3788016796112061, "time": 1.102333402633667, "epoch": 3, "iter": 2704, "memory": 33872, "step": 2704}
{"base_lr": 0.0009567727288213003, "lr": 0.0009567727288213003, "data_time": 0.0010138511657714843, "loss": 1.410018765926361, "time": 1.1016664981842041, "epoch": 3, "iter": 2804, "memory": 33872, "step": 2804}
{"base_lr": 0.0009567727288213003, "lr": 0.0009567727288213003, "data_time": 0.0010108470916748047, "loss": 1.4416044712066651, "time": 1.1019674062728881, "epoch": 3, "iter": 2904, "memory": 33872, "step": 2904}
{"base_lr": 0.0009567727288213003, "lr": 0.0009567727288213003, "data_time": 0.0009778499603271484, "loss": 1.3106329977512359, "time": 1.1015989542007447, "epoch": 3, "iter": 3004, "memory": 33872, "step": 3004}
{"base_lr": 0.0009567727288213003, "lr": 0.0009567727288213003, "data_time": 0.0009599447250366211, "loss": 1.4109660148620606, "time": 1.102812910079956, "epoch": 3, "iter": 3104, "memory": 33872, "step": 3104}
{"accuracy/top1": 62.673797607421875, "accuracy/top5": 88.28876495361328, "data_time": 0.0394963679775115, "time": 2.847316611197687, "step": 3}
{"base_lr": 0.0009045084971874737, "lr": 0.0009045084971874737, "data_time": 0.0009600639343261719, "loss": 1.2995866656303405, "time": 1.10188148021698, "epoch": 4, "iter": 3256, "memory": 33872, "step": 3256}
{"base_lr": 0.0009045084971874737, "lr": 0.0009045084971874737, "data_time": 0.0009613752365112305, "loss": 1.26345134973526, "time": 1.103317379951477, "epoch": 4, "iter": 3356, "memory": 33872, "step": 3356}
{"base_lr": 0.0009045084971874737, "lr": 0.0009045084971874737, "data_time": 0.0010159730911254883, "loss": 1.2561674892902375, "time": 1.1029141187667846, "epoch": 4, "iter": 3456, "memory": 33872, "step": 3456}
{"base_lr": 0.0009045084971874737, "lr": 0.0009045084971874737, "data_time": 0.0009877204895019532, "loss": 1.3199735641479493, "time": 1.1026023864746093, "epoch": 4, "iter": 3556, "memory": 33872, "step": 3556}
{"base_lr": 0.0009045084971874737, "lr": 0.0009045084971874737, "data_time": 0.0010776042938232422, "loss": 1.1692447900772094, "time": 1.1065009117126465, "epoch": 4, "iter": 3656, "memory": 33872, "step": 3656}
{"base_lr": 0.0009045084971874737, "lr": 0.0009045084971874737, "data_time": 0.0010084152221679688, "loss": 1.1294182598590852, "time": 1.1020542860031128, "epoch": 4, "iter": 3756, "memory": 33872, "step": 3756}
{"base_lr": 0.0009045084971874737, "lr": 0.0009045084971874737, "data_time": 0.0010041475296020507, "loss": 1.2337496161460877, "time": 1.1029210805892944, "epoch": 4, "iter": 3856, "memory": 33872, "step": 3856}
{"base_lr": 0.0009045084971874737,