{"accuracy/top1": 0.32332080602645874, "accuracy/top5": 0.7154776453971863, "data_time": 1.2275139828945727, "time": 8.736737433900224}