{"accuracy/top1": 77.96791076660156, "accuracy/top5": 93.79679107666016, "data_time": 0.09931060473124186, "time": 2.968923981984456}