{"base_lr": 0.001, "lr": 0.001, "data_time": 0.0010971784591674804, "loss": 3.261440658569336, "time": 1.0982357263565063, "epoch": 1, "iter": 100, "memory": 33872, "step": 100}
{"base_lr": 0.001, "lr": 0.001, "data_time": 0.00108795166015625, "loss": 3.045601749420166, "time": 1.1014173030853271, "epoch": 1, "iter": 200, "memory": 33872, "step": 200}
{"base_lr": 0.001, "lr": 0.001, "data_time": 0.0010649442672729492, "loss": 2.632378673553467, "time": 1.1012118577957153, "epoch": 1, "iter": 300, "memory": 33872, "step": 300}
{"base_lr": 0.001, "lr": 0.001, "data_time": 0.001068711280822754, "loss": 2.573097276687622, "time": 1.10279438495636, "epoch": 1, "iter": 400, "memory": 33872, "step": 400}
{"base_lr": 0.001, "lr": 0.001, "data_time": 0.001075148582458496, "loss": 2.336188554763794, "time": 1.102823805809021, "epoch": 1, "iter": 500, "memory": 33872, "step": 500}
{"base_lr": 0.001, "lr": 0.001, "data_time": 0.0010413169860839845, "loss": 2.2478209257125856, "time": 1.1024712800979615, "epoch": 1, "iter": 600, "memory": 33872, "step": 600}
{"base_lr": 0.001, "lr": 0.001, "data_time": 0.0010818719863891601, "loss": 1.9584266066551208, "time": 1.1021583795547485, "epoch": 1, "iter": 700, "memory": 33872, "step": 700}
{"base_lr": 0.001, "lr": 0.001, "data_time": 0.0010517358779907227, "loss": 1.8629488348960876, "time": 1.1036110162734984, "epoch": 1, "iter": 800, "memory": 33872, "step": 800}
{"base_lr": 0.001, "lr": 0.001, "data_time": 0.0010447502136230469, "loss": 1.9865153074264525, "time": 1.102695846557617, "epoch": 1, "iter": 900, "memory": 33872, "step": 900}
{"base_lr": 0.001, "lr": 0.001, "data_time": 0.0010751962661743164, "loss": 1.9646555423736571, "time": 1.1017848253250122, "epoch": 1, "iter": 1000, "memory": 33872, "step": 1000}
{"accuracy/top1": 45.96256637573242, "accuracy/top5": 79.25133514404297, "data_time": 0.13133076826731363, "time": 3.0342913071314492, "step": 1}
{"base_lr": 0.0009890738003669028, "lr": 0.0009890738003669028, "data_time": 0.0009731054306030273, "loss": 1.7213301301002502, "time": 1.1020936489105224, "epoch": 2, "iter": 1152, "memory": 33872, "step": 1152}
{"base_lr": 0.0009890738003669028, "lr": 0.0009890738003669028, "data_time": 0.0009259223937988281, "loss": 1.7920059204101562, "time": 1.1026165246963502, "epoch": 2, "iter": 1252, "memory": 33872, "step": 1252}
{"base_lr": 0.0009890738003669028, "lr": 0.0009890738003669028, "data_time": 0.000980043411254883, "loss": 1.7680332899093627, "time": 1.1026139497756957, "epoch": 2, "iter": 1352, "memory": 33872, "step": 1352}
{"base_lr": 0.0009890738003669028, "lr": 0.0009890738003669028, "data_time": 0.0009726762771606445, "loss": 1.588001024723053, "time": 1.1024109363555907, "epoch": 2, "iter": 1452, "memory": 33872, "step": 1452}
{"base_lr": 0.0009890738003669028, "lr": 0.0009890738003669028, "data_time": 0.000984787940979004, "loss": 1.5486568093299866, "time": 1.101963496208191, "epoch": 2, "iter": 1552, "memory": 33872, "step": 1552}
{"base_lr": 0.0009890738003669028, "lr": 0.0009890738003669028, "data_time": 0.000973200798034668, "loss": 1.6150308966636657, "time": 1.1022889614105225, "epoch": 2, "iter": 1652, "memory": 33872, "step": 1652}
{"base_lr": 0.0009890738003669028, "lr": 0.0009890738003669028, "data_time": 0.001017618179321289, "loss": 1.4519399166107179, "time": 1.1022244691848755, "epoch": 2, "iter": 1752, "memory": 33872, "step": 1752}
{"base_lr": 0.0009890738003669028, "lr": 0.0009890738003669028, "data_time": 0.0009995460510253905, "loss": 1.5748142004013062, "time": 1.1026372194290162, "epoch": 2, "iter": 1852, "memory": 33872, "step": 1852}
{"base_lr": 0.0009890738003669028, "lr": 0.0009890738003669028, "data_time": 0.0009874343872070313, "loss": 1.6106073021888734, "time": 1.1028749227523804, "epoch": 2, "iter": 1952, "memory": 33872, "step": 1952}
{"base_lr": 0.0009890738003669028, "lr": 0.0009890738003669028, "data_time": 0.0009720563888549804, "loss": 1.4666818499565124, "time": 1.1028892040252685, "epoch": 2, "iter": 2052, "memory": 33872, "step": 2052}
{"accuracy/top1": 59.03743362426758, "accuracy/top5": 86.33689880371094, "data_time": 0.03684216160928049, "time": 2.8523392369670253, "step": 2}
{"base_lr": 0.0009567727288213003, "lr": 0.0009567727288213003, "data_time": 0.0010271310806274415, "loss": 1.4776523470878602, "time": 1.1041095972061157, "epoch": 3, "iter": 2204, "memory": 33872, "step": 2204}
{"base_lr": 0.0009567727288213003, "lr": 0.0009567727288213003, "data_time": 0.0009957075119018555, "loss": 1.3875558495521545, "time": 1.1038723468780518, "epoch": 3, "iter": 2304, "memory": 33872, "step": 2304}
{"base_lr": 0.0009567727288213003, "lr": 0.0009567727288213003, "data_time": 0.0016401290893554687, "loss": 1.3094762206077575, "time": 1.104931688308716, "epoch": 3, "iter": 2404, "memory": 33872, "step": 2404}
{"base_lr": 0.0009567727288213003, "lr": 0.0009567727288213003, "data_time": 0.0010959148406982423, "loss": 1.337026846408844, "time": 1.102987575531006, "epoch": 3, "iter": 2504, "memory": 33872, "step": 2504}
{"base_lr": 0.0009567727288213003, "lr": 0.0009567727288213003, "data_time": 0.0010718822479248047, "loss": 1.3802693963050843, "time": 1.1035320520401002, "epoch": 3, "iter": 2604, "memory": 33872, "step": 2604}
{"base_lr": 0.0009567727288213003, "lr": 0.0009567727288213003, "data_time": 0.0010169506072998046, "loss": 1.3760667443275452, "time": 1.102949047088623, "epoch": 3, "iter": 2704, "memory": 33872, "step": 2704}
{"base_lr": 0.0009567727288213003, "lr": 0.0009567727288213003, "data_time": 0.0009989738464355469, "loss": 1.3706588983535766, "time": 1.1031210899353028, "epoch": 3, "iter": 2804, "memory": 33872, "step": 2804}
{"base_lr": 0.0009567727288213003, "lr": 0.0009567727288213003, "data_time": 0.0010704994201660156, "loss": 1.4012120962142944, "time": 1.1030571222305299, "epoch": 3, "iter": 2904, "memory": 33872, "step": 2904}
{"base_lr": 0.0009567727288213003, "lr": 0.0009567727288213003, "data_time": 0.0010284900665283204, "loss": 1.212442195415497, "time": 1.1030340909957885, "epoch": 3, "iter": 3004, "memory": 33872, "step": 3004}
{"base_lr": 0.0009567727288213003, "lr": 0.0009567727288213003, "data_time": 0.0009716987609863281, "loss": 1.368851327896118, "time": 1.1025238752365112, "epoch": 3, "iter": 3104, "memory": 33872, "step": 3104}
{"accuracy/top1": 63.98395538330078, "accuracy/top5": 88.68983459472656, "data_time": 0.03283542971457205, "time": 2.8452199582130677, "step": 3}
{"base_lr": 0.0009045084971874737, "lr": 0.0009045084971874737, "data_time": 0.0011188983917236328, "loss": 1.2401986241340637, "time": 1.1039704084396362, "epoch": 4, "iter": 3256, "memory": 33872, "step": 3256}
{"base_lr": 0.0009045084971874737, "lr": 0.0009045084971874737, "data_time": 0.0011261224746704102, "loss": 1.1859015941619873, "time": 1.103948163986206, "epoch": 4, "iter": 3356, "memory": 33872, "step": 3356}
{"base_lr": 0.0009045084971874737, "lr": 0.0009045084971874737, "data_time": 0.0010935068130493164, "loss": 1.2643131136894226, "time": 1.104248332977295, "epoch": 4, "iter": 3456, "memory": 33872, "step": 3456}
{"base_lr": 0.0009045084971874737, "lr": 0.0009045084971874737, "data_time": 0.001034116744995117, "loss": 1.3115793943405152, "time": 1.103205966949463, "epoch": 4, "iter": 3556, "memory": 33872, "step": 3556}
{"base_lr": 0.0009045084971874737, "lr": 0.0009045084971874737, "data_time": 0.0010126829147338867, "loss": 1.1242954969406127, "time": 1.1033291816711426, "epoch": 4, "iter": 3656, "memory": 33872, "step": 3656}
{"base_lr": 0.0009045084971874737, "lr": 0.0009045084971874737, "data_time": 0.0011185169219970702, "loss": 1.12749804854393, "time": 1.1042815685272216, "epoch": 4, "iter": 3756, "memory": 33872, "step": 3756}
{"base_lr": 0.0009045084971874737, "lr": 0.0009045084971874737, "data_time": 0.0011267423629760741, "loss": 1.2639517068862915, "time": 1.1046480178833007, "epoch": 4, "iter": 3856, "memory": 33872, "step": 3856}
{"base_lr": 0.0009045084971874737,