{"base_lr": 1e-05, "lr": 1e-05, "data_time": 0.00588836669921875, "grad_norm": 1.169906783103943, "loss": 8.909075927734374, "time": 2.5824520349502564, "epoch": 1, "iter": 25, "memory": 32400, "step": 25}
{"base_lr": 1e-05, "lr": 1e-05, "data_time": 0.0059366941452026365, "grad_norm": 1.1753065943717957, "loss": 8.837378692626952, "time": 2.5971560716629027, "epoch": 1, "iter": 50, "memory": 32400, "step": 50}
{"base_lr": 1e-05, "lr": 1e-05, "data_time": 0.005521798133850097, "grad_norm": 1.180000102519989, "loss": 8.768850708007813, "time": 2.6674941301345827, "epoch": 1, "iter": 75, "memory": 32400, "step": 75}
{"base_lr": 1e-05, "lr": 1e-05, "data_time": 0.004355764389038086, "grad_norm": 1.1720417022705079, "loss": 8.701935577392579, "time": 2.598108196258545, "epoch": 1, "iter": 100, "memory": 32400, "step": 100}
{"base_lr": 1e-05, "lr": 1e-05, "data_time": 0.005257010459899902, "grad_norm": 1.1727449774742127, "loss": 8.631857681274415, "time": 2.6023611068725585, "epoch": 1, "iter": 125, "memory": 32400, "step": 125}
{"base_lr": 1e-05, "lr": 1e-05, "data_time": 0.005800771713256836, "grad_norm": 1.1721963286399841, "loss": 8.570002365112305, "time": 2.6020788669586183, "epoch": 1, "iter": 150, "memory": 32400, "step": 150}
{"base_lr": 1e-05, "lr": 1e-05, "data_time": 0.00524442195892334, "grad_norm": 1.1670356035232543, "loss": 8.504471969604491, "time": 2.599838614463806, "epoch": 1, "iter": 175, "memory": 32400, "step": 175}
{"base_lr": 1e-05, "lr": 1e-05, "data_time": 0.005482101440429687, "grad_norm": 1.1682432889938354, "loss": 8.437664031982422, "time": 2.6029340505599974, "epoch": 1, "iter": 200, "memory": 32400, "step": 200}
{"base_lr": 1e-05, "lr": 1e-05, "data_time": 0.005258440971374512, "grad_norm": 1.1694860696792602, "loss": 8.375072479248047, "time": 2.605891728401184, "epoch": 1, "iter": 225, "memory": 32400, "step": 225}
{"base_lr": 1e-05, "lr": 1e-05, "data_time": 0.005758833885192871, "grad_norm": 1.1729095816612243, "loss": 8.311201858520509, "time": 2.6042859077453615, "epoch": 1, "iter": 250, "memory": 32400, "step": 250}
{"base_lr": 1e-05, "lr": 1e-05, "data_time": 0.007960009574890136, "grad_norm": 1.1723852634429932, "loss": 8.242068099975587, "time": 2.6072021961212157, "epoch": 1, "iter": 275, "memory": 32400, "step": 275}
{"base_lr": 1e-05, "lr": 1e-05, "data_time": 0.005116605758666992, "grad_norm": 1.1785521268844605, "loss": 8.184967041015625, "time": 2.6038936376571655, "epoch": 1, "iter": 300, "memory": 32400, "step": 300}
{"base_lr": 1e-05, "lr": 1e-05, "data_time": 0.005745649337768555, "grad_norm": 1.1676281094551086, "loss": 8.119853973388672, "time": 2.6037330865859984, "epoch": 1, "iter": 325, "memory": 32400, "step": 325}
{"base_lr": 1e-05, "lr": 1e-05, "data_time": 0.005317473411560058, "grad_norm": 1.1673495411872863, "loss": 8.054259490966796, "time": 2.612883186340332, "epoch": 1, "iter": 350, "memory": 32400, "step": 350}
{"base_lr": 1e-05, "lr": 1e-05, "data_time": 0.005502057075500488, "grad_norm": 1.1643046498298646, "loss": 7.995405960083008, "time": 2.6008453607559203, "epoch": 1, "iter": 375, "memory": 32400, "step": 375}
{"base_lr": 1e-05, "lr": 1e-05, "data_time": 0.006239056587219238, "grad_norm": 1.178063416481018, "loss": 7.930423736572266, "time": 2.6359078645706178, "epoch": 1, "iter": 400, "memory": 32400, "step": 400}
{"base_lr": 1e-05, "lr": 1e-05, "data_time": 0.005533790588378907, "grad_norm": 1.1813551545143128, "loss": 7.8701423645019535, "time": 2.604991340637207, "epoch": 1, "iter": 425, "memory": 32400, "step": 425}
{"base_lr": 1e-05, "lr": 1e-05, "data_time": 0.010086321830749511, "grad_norm": 1.1694399952888488, "loss": 7.808741760253906, "time": 2.6043567657470703, "epoch": 1, "iter": 450, "memory": 32400, "step": 450}
{"base_lr": 1e-05, "lr": 1e-05, "data_time": 0.005852246284484863, "grad_norm": 1.1643837928771972, "loss": 7.756042861938477, "time": 2.6063628673553465, "epoch": 1, "iter": 475, "memory": 32400, "step": 475}
{"base_lr": 1e-05, "lr": 1e-05, "data_time": 0.004620146751403808, "grad_norm": 1.1789971947669984, "loss": 7.6883697509765625, "time": 2.601078748703003, "epoch": 1, "iter": 500, "memory": 32400, "step": 500}
{"base_lr": 1e-05, "lr": 1e-05, "data_time": 0.005578041076660156, "grad_norm": 1.170836591720581, "loss": 7.623899459838867, "time": 2.6022222995758058, "epoch": 1, "iter": 525, "memory": 32400, "step": 525}
{"base_lr": 1e-05, "lr": 1e-05, "data_time": 0.005185747146606445, "grad_norm": 1.1643173694610596, "loss": 7.566633224487305, "time": 2.610728907585144, "epoch": 1, "iter": 550, "memory": 32400, "step": 550}
{"base_lr": 1e-05, "lr": 1e-05, "data_time": 0.0059796333312988285, "grad_norm": 1.1636491775512696, "loss": 7.509685516357422, "time": 2.6031156301498415, "epoch": 1, "iter": 575, "memory": 32400, "step": 575}
{"base_lr": 1e-05, "lr": 1e-05, "data_time": 0.003823089599609375, "grad_norm": 1.16687912940979, "loss": 7.456717300415039, "time": 2.5924784183502196, "epoch": 1, "iter": 600, "memory": 32400, "step": 600}
{"base_lr": 1e-05, "lr": 1e-05, "data_time": 0.0033715009689331056, "grad_norm": 1.1729578733444215, "loss": 7.3807680130004885, "time": 2.5897430896759035, "epoch": 1, "iter": 625, "memory": 32400, "step": 625}
{"base_lr": 1e-05, "lr": 1e-05, "data_time": 0.00321197509765625, "grad_norm": 1.1626891136169433, "loss": 7.3265937805175785, "time": 2.591219687461853, "epoch": 1, "iter": 650, "memory": 32400, "step": 650}
