{"accuracy/top1": 63.929908752441406, "accuracy/top5": 84.64330291748047, "data_time": 1.896804263194402, "time": 18.84615007042885}