{"base_lr": 1e-05, "lr": 1e-05, "data_time": 0.028986358642578126, "grad_norm": 1.1695772528648376, "loss": 8.902551937103272, "time": 2.0117229223251343, "epoch": 1, "iter": 50, "memory": 8475, "step": 50}
{"base_lr": 1e-05, "lr": 1e-05, "data_time": 0.02094700336456299, "grad_norm": 1.1761173844337462, "loss": 8.84021282196045, "time": 2.0286168098449706, "epoch": 1, "iter": 100, "memory": 8475, "step": 100}
{"base_lr": 1e-05, "lr": 1e-05, "data_time": 0.0202683687210083, "grad_norm": 1.2039817810058593, "loss": 8.769933128356934, "time": 1.9796098947525025, "epoch": 1, "iter": 150, "memory": 8475, "step": 150}
{"base_lr": 1e-05, "lr": 1e-05, "data_time": 0.03849372863769531, "grad_norm": 1.237625277042389, "loss": 8.697596263885497, "time": 2.6759966373443604, "epoch": 1, "iter": 200, "memory": 8475, "step": 200}
{"base_lr": 1e-05, "lr": 1e-05, "data_time": 0.04673326015472412, "grad_norm": 1.1649551033973693, "loss": 8.663625240325928, "time": 2.1851229667663574, "epoch": 1, "iter": 250, "memory": 8475, "step": 250}
{"base_lr": 1e-05, "lr": 1e-05, "data_time": 0.037444019317626955, "grad_norm": 1.1796299695968628, "loss": 8.599532794952392, "time": 2.020442008972168, "epoch": 1, "iter": 300, "memory": 8475, "step": 300}
{"base_lr": 1e-05, "lr": 1e-05, "data_time": 0.024737048149108886, "grad_norm": 1.1895561933517456, "loss": 8.553615856170655, "time": 2.1384814023971557, "epoch": 1, "iter": 350, "memory": 8475, "step": 350}
{"base_lr": 1e-05, "lr": 1e-05, "data_time": 0.02505154609680176, "grad_norm": 1.2517536401748657, "loss": 8.430218029022218, "time": 2.016777682304382, "epoch": 1, "iter": 400, "memory": 8475, "step": 400}
{"base_lr": 1e-05, "lr": 1e-05, "data_time": 0.44257895946502684, "grad_norm": 1.1458431959152222, "loss": 8.483541297912598, "time": 2.4169753313064577, "epoch": 1, "iter": 450, "memory": 8475, "step": 450}
{"base_lr": 1e-05, "lr": 1e-05, "data_time": 0.6157934427261352, "grad_norm": 1.1855744004249573, "loss": 8.37904052734375, "time": 2.7962539911270143, "epoch": 1, "iter": 500, "memory": 8475, "step": 500}
{"base_lr": 1e-05, "lr": 1e-05, "data_time": 0.554245138168335, "grad_norm": 1.1508583307266236, "loss": 8.360190868377686, "time": 2.581219744682312, "epoch": 1, "iter": 550, "memory": 8475, "step": 550}
{"base_lr": 1e-05, "lr": 1e-05, "data_time": 0.25838470458984375, "grad_norm": 1.1885582447052, "loss": 8.290018844604493, "time": 2.240602970123291, "epoch": 1, "iter": 600, "memory": 8475, "step": 600}
{"base_lr": 1e-05, "lr": 1e-05, "data_time": 0.40818281173706056, "grad_norm": 1.1712483048439026, "loss": 8.253957939147949, "time": 2.5760369300842285, "epoch": 1, "iter": 650, "memory": 8475, "step": 650}
{"base_lr": 1e-05, "lr": 1e-05, "data_time": 0.015734100341796876, "grad_norm": 1.1720643877983092, "loss": 8.186702442169189, "time": 2.0309743165969847, "epoch": 1, "iter": 700, "memory": 8475, "step": 700}
{"base_lr": 1e-05, "lr": 1e-05, "data_time": 0.020265841484069826, "grad_norm": 1.1468740105628967, "loss": 8.16391396522522, "time": 2.1296754360198973, "epoch": 1, "iter": 750, "memory": 8475, "step": 750}
{"base_lr": 1e-05, "lr": 1e-05, "data_time": 0.020979428291320802, "grad_norm": 1.1955387949943543, "loss": 8.089877557754516, "time": 2.0285109996795656, "epoch": 1, "iter": 800, "memory": 8475, "step": 800}
{"base_lr": 1e-05, "lr": 1e-05, "data_time": 0.025806140899658204, "grad_norm": 1.2176907539367676, "loss": 7.9945111751556395, "time": 2.031581091880798, "epoch": 1, "iter": 850, "memory": 8475, "step": 850}
{"base_lr": 1e-05, "lr": 1e-05, "data_time": 0.019331717491149904, "grad_norm": 1.1504598021507264, "loss": 8.0420560836792, "time": 2.0163385391235353, "epoch": 1, "iter": 900, "memory": 8475, "step": 900}
{"base_lr": 1e-05, "lr": 1e-05, "data_time": 0.015130877494812012, "grad_norm": 1.1709529995918273, "loss": 7.994375228881836, "time": 2.021770405769348, "epoch": 1, "iter": 950, "memory": 8475, "step": 950}
{"base_lr": 1e-05, "lr": 1e-05, "data_time": 0.022556161880493163, "grad_norm": 1.1514970660209656, "loss": 7.979013919830322, "time": 2.0293442487716673, "epoch": 1, "iter": 1000, "memory": 8475, "step": 1000}
{"base_lr": 1e-05, "lr": 1e-05, "data_time": 0.02409186363220215, "grad_norm": 1.1634840965270996, "loss": 7.921715450286865, "time": 2.034736704826355, "epoch": 1, "iter": 1050, "memory": 8475, "step": 1050}
{"base_lr": 1e-05, "lr": 1e-05, "data_time": 0.12643656730651856, "grad_norm": 1.1896840810775757, "loss": 7.804591846466065, "time": 2.1060733079910277, "epoch": 1, "iter": 1100, "memory": 8475, "step": 1100}
{"base_lr": 1e-05, "lr": 1e-05, "data_time": 0.024801301956176757, "grad_norm": 1.1795775890350342, "loss": 7.77201132774353, "time": 2.030082654953003, "epoch": 1, "iter": 1150, "memory": 8475, "step": 1150}
{"base_lr": 1e-05, "lr": 1e-05, "data_time": 0.8172066450119019, "grad_norm": 1.2299943804740905, "loss": 7.6377706050872805, "time": 2.9984386444091795, "epoch": 1, "iter": 1200, "memory": 8475, "step": 1200}
{"base_lr": 1e-05, "lr": 1e-05, "data_time": 0.8584658861160278, "grad_norm": 1.158356785774231, "loss": 7.760239028930664, "time": 2.836863303184509, "epoch": 1, "iter": 1250, "memory": 8475, "step": 1250}
{"base_lr": 1e-05, "lr": 1e-05, "data_time": 0.05504298210144043, "grad_norm": 1.1677596926689149, "loss": 7.700195980072022, "time": 2.0434775590896606, "epoch": 1, "iter": 1300, "memory": 8475, "step": 1300}
{"accuracy/top1": 16.878435134887695, "accuracy/top5": 39.09782791137695, "data_time": 0.155904871446115, "time": 3.519449863168928, "step": 1}
{"base_lr": 9.938441702975689e-06, "lr": 9.938441702975689e-06, "data_time": 0.0022742509841918944, "grad_norm": 1.159809160232544, "loss": 7.630766153335571, "time": 1.8436549425125122, "epoch": 2, "iter": 1394, "memory": 8475, "step": 1394}
{"base_lr": 9.938441702975689e-06, "lr": 9.938441702975689e-06, "data_time": 0.0020380735397338865, "grad_norm": 1.1442522048950194, "loss": 7.658874654769898, "time": 1.8466041803359985, "epoch": 2, "iter": 1444, "memory": 8475, "step": 1444}
{"base_lr": 9.938441702975689e-06, "lr": 9.938441702975689e-06, "data_time": 0.0018326997756958007, "grad_norm": 1.2107834815979004, "loss": 7.403833866119385, "time": 1.8719258546829223, "epoch": 2, "iter": 1494, "memory": 8475, "step": 1494}
{"base_lr": 9.938441702975689e-06, "lr": 9.938441702975689e-06, "data_time": 0.002269268035888672, "grad_norm": 1.1694445371627809, "loss": 7.475143957138061, "time": 1.8501923322677611, "epoch": 2, "iter": 1544, "memory": 8475, "step": 1544}
{"base_lr": 9.938441702975689e-06, "lr": 9.938441702975689e-06, "data_time": 0.002040266990661621, "grad_norm": 1.164193344116211, "loss": 7.4656518459320065, "time": 1.8488629817962647, "epoch": 2, "iter": 1594, "memory": 8475, "step": 1594}
{"base_lr": 9.938441702975689e-06, "lr": 9.938441702975689e-06, "data_time": 0.0020150661468505858, "grad_norm": 1.1733017206192016, "loss": 7.416241598129273, "time": 1.8450843811035156, "epoch": 2, "iter": 1644, "memory": 8475, "step": 1644}
{"base_lr": 9.938441702975689e-06, "lr": 9.938441702975689e-06, "data_time": 0.004579973220825195, "grad_norm": 1.1801909923553466, "loss": 7.262791633605957, "time": 1.8488731861114502, "epoch": 2, "iter": 1694, "memory": 8475, "step": 1694}
{"base_lr": 9.938441702975689e-06, "lr": 9.938441702975689e-06, "data_time": 0.0047919988632202145, "grad_norm": 1.18919997215271, "loss": 7.221661996841431, "time": 1.8678837060928344, "epoch": 2, "iter": 1744, "memory": 8475, "step": 1744}
{"base_lr": 9.938441702975689e-06, "lr": 9.938441702975689e-06, "data_time": 0.002532958984375, "grad_norm": 1.1934210419654847, "loss": 7.248137950897217, "time": 1.8483450174331666, "epoch": 2, "iter": 1794, "memory": 8475, "step": 1794}
{"base_lr": 9.938441702975689e-06, "lr": 9.938441702975689e-06, "data_time": 0.003372812271118164, "grad_norm": 1.1548328161239625, "loss": 7.261890935897827, "time": 1.8540895938873292, "epoch": 2, "iter": 1844, "memory": 8475,