{"accuracy/top1": 94.94584655761719, "accuracy/top5": 98.91696166992188, "data_time": 0.7382329702377319, "time": 2.361669898033142}