{"accuracy/top1": 74.9532241821289, "accuracy/top5": 92.1946029663086, "data_time": 0.06412793000539144, "time": 2.9467548926671348}