{"base_lr": 1e-05, "lr": 1e-05, "data_time": 2.252150273323059, "grad_norm": 1.169906783103943, "loss": 8.909075927734374, "time": 5.044861745834351, "epoch": 1, "iter": 25, "memory": 32400, "step": 25}
{"base_lr": 1e-05, "lr": 1e-05, "data_time": 2.305738997459412, "grad_norm": 1.1753065943717957, "loss": 8.837378692626952, "time": 4.871169114112854, "epoch": 1, "iter": 50, "memory": 32400, "step": 50}
{"base_lr": 1e-05, "lr": 1e-05, "data_time": 2.058864164352417, "grad_norm": 1.180000102519989, "loss": 8.768850708007813, "time": 4.628109240531922, "epoch": 1, "iter": 75, "memory": 32400, "step": 75}
{"base_lr": 1e-05, "lr": 1e-05, "data_time": 2.1489563465118406, "grad_norm": 1.1720417022705079, "loss": 8.701935577392579, "time": 4.736964464187622, "epoch": 1, "iter": 100, "memory": 32400, "step": 100}
{"base_lr": 1e-05, "lr": 1e-05, "data_time": 2.170804834365845, "grad_norm": 1.1727449774742127, "loss": 8.631857681274415, "time": 4.739563250541687, "epoch": 1, "iter": 125, "memory": 32400, "step": 125}
{"base_lr": 1e-05, "lr": 1e-05, "data_time": 2.137653851509094, "grad_norm": 1.1721963286399841, "loss": 8.570002365112305, "time": 4.718755149841309, "epoch": 1, "iter": 150, "memory": 32400, "step": 150}
{"base_lr": 1e-05, "lr": 1e-05, "data_time": 2.348663020133972, "grad_norm": 1.1670356035232543, "loss": 8.504471969604491, "time": 4.90901460647583, "epoch": 1, "iter": 175, "memory": 32400, "step": 175}
{"base_lr": 1e-05, "lr": 1e-05, "data_time": 2.1397199392318726, "grad_norm": 1.1682432889938354, "loss": 8.437664031982422, "time": 4.702666497230529, "epoch": 1, "iter": 200, "memory": 32400, "step": 200}
{"base_lr": 1e-05, "lr": 1e-05, "data_time": 2.066556763648987, "grad_norm": 1.1694860696792602, "loss": 8.375072479248047, "time": 4.629851126670838, "epoch": 1, "iter": 225, "memory": 32400, "step": 225}
{"base_lr": 1e-05, "lr": 1e-05, "data_time": 2.018351364135742, "grad_norm": 1.1729095816612243, "loss": 8.311201858520509, "time": 4.595950651168823, "epoch": 1, "iter": 250, "memory": 32400, "step": 250}
{"base_lr": 1e-05, "lr": 1e-05, "data_time": 2.319156312942505, "grad_norm": 1.1723852634429932, "loss": 8.242068099975587, "time": 4.879521155357361, "epoch": 1, "iter": 275, "memory": 32400, "step": 275}
{"base_lr": 1e-05, "lr": 1e-05, "data_time": 2.001683259010315, "grad_norm": 1.1785521268844605, "loss": 8.184967041015625, "time": 4.5654150485992435, "epoch": 1, "iter": 300, "memory": 32400, "step": 300}
{"base_lr": 1e-05, "lr": 1e-05, "data_time": 2.2790167331695557, "grad_norm": 1.1676281094551086, "loss": 8.119853973388672, "time": 4.8547090768814085, "epoch": 1, "iter": 325, "memory": 32400, "step": 325}
{"base_lr": 1e-05, "lr": 1e-05, "data_time": 1.992560911178589, "grad_norm": 1.1673495411872863, "loss": 8.054259490966796, "time": 4.552196907997131, "epoch": 1, "iter": 350, "memory": 32400, "step": 350}
{"base_lr": 1e-05, "lr": 1e-05, "data_time": 2.141713261604309, "grad_norm": 1.1643046498298646, "loss": 7.995405960083008, "time": 4.702856040000915, "epoch": 1, "iter": 375, "memory": 32400, "step": 375}
{"base_lr": 1e-05, "lr": 1e-05, "data_time": 2.0103190183639525, "grad_norm": 1.178063416481018, "loss": 7.930423736572266, "time": 4.573013186454773, "epoch": 1, "iter": 400, "memory": 32400, "step": 400}
{"base_lr": 1e-05, "lr": 1e-05, "data_time": 2.058201813697815, "grad_norm": 1.1813551545143128, "loss": 7.8701423645019535, "time": 4.625095844268799, "epoch": 1, "iter": 425, "memory": 32400, "step": 425}
{"base_lr": 1e-05, "lr": 1e-05, "data_time": 2.1507154226303102, "grad_norm": 1.1694399952888488, "loss": 7.808741760253906, "time": 4.716685676574707, "epoch": 1, "iter": 450, "memory": 32400, "step": 450}
{"base_lr": 1e-05, "lr": 1e-05, "data_time": 2.165526533126831, "grad_norm": 1.1643837928771972, "loss": 7.756042861938477, "time": 4.8291243553161625, "epoch": 1, "iter": 475, "memory": 32400, "step": 475}
{"base_lr": 1e-05, "lr": 1e-05, "data_time": 1.7403902292251587, "grad_norm": 1.1789971947669984, "loss": 7.6883697509765625, "time": 4.5505012512207035, "epoch": 1, "iter": 500, "memory": 32400, "step": 500}
{"base_lr": 1e-05, "lr": 1e-05, "data_time": 2.185192847251892, "grad_norm": 1.170836591720581, "loss": 7.623899459838867, "time": 4.779870104789734, "epoch": 1, "iter": 525, "memory": 32400, "step": 525}
{"base_lr": 1e-05, "lr": 1e-05, "data_time": 2.0141733407974245, "grad_norm": 1.1643173694610596, "loss": 7.566633224487305, "time": 4.5863382577896115, "epoch": 1, "iter": 550, "memory": 32400, "step": 550}
{"base_lr": 1e-05, "lr": 1e-05, "data_time": 2.510662841796875, "grad_norm": 1.1636491775512696, "loss": 7.509685516357422, "time": 5.066331315040588, "epoch": 1, "iter": 575, "memory": 32400, "step": 575}
{"base_lr": 1e-05, "lr": 1e-05, "data_time": 2.2351238489151, "grad_norm": 1.16687912940979, "loss": 7.456717300415039, "time": 4.796902132034302, "epoch": 1, "iter": 600, "memory": 32400, "step": 600}
{"base_lr": 1e-05, "lr": 1e-05, "data_time": 2.0902465343475343, "grad_norm": 1.1729578733444215, "loss": 7.3807680130004885, "time": 4.653694152832031, "epoch": 1, "iter": 625, "memory": 32400, "step": 625}
{"base_lr": 1e-05, "lr": 1e-05, "data_time": 2.377388572692871, "grad_norm": 1.1626891136169433, "loss": 7.3265937805175785, "time": 4.949544501304627, "epoch": 1, "iter": 650, "memory": 32400, "step": 650}
