{"base_lr": 1e-05, "lr": 1e-05, "data_time": 0.021675920486450194, "grad_norm": 1.402013099193573, "loss": 8.876791286468507, "time": 2.0485381364822386, "epoch": 1, "iter": 50, "memory": 8468, "step": 50}
{"base_lr": 1e-05, "lr": 1e-05, "data_time": 0.016190457344055175, "grad_norm": 1.414663815498352, "loss": 8.780199337005616, "time": 1.924319863319397, "epoch": 1, "iter": 100, "memory": 8468, "step": 100}
{"base_lr": 1e-05, "lr": 1e-05, "data_time": 0.023378205299377442, "grad_norm": 1.4070103168487549, "loss": 8.687318801879883, "time": 2.594698405265808, "epoch": 1, "iter": 150, "memory": 8468, "step": 150}
{"base_lr": 1e-05, "lr": 1e-05, "data_time": 0.015035438537597656, "grad_norm": 1.4110360622406006, "loss": 8.596206378936767, "time": 2.7714128494262695, "epoch": 1, "iter": 200, "memory": 8468, "step": 200}
{"base_lr": 1e-05, "lr": 1e-05, "data_time": 0.02063326835632324, "grad_norm": 1.4069248914718628, "loss": 8.502058982849121, "time": 1.9268267154693604, "epoch": 1, "iter": 250, "memory": 8468, "step": 250}
{"base_lr": 1e-05, "lr": 1e-05, "data_time": 0.017184805870056153, "grad_norm": 1.4030112385749818, "loss": 8.41312141418457, "time": 2.0578067779541014, "epoch": 1, "iter": 300, "memory": 8468, "step": 300}
{"base_lr": 1e-05, "lr": 1e-05, "data_time": 0.021078062057495118, "grad_norm": 1.4044095039367677, "loss": 8.336132144927978, "time": 1.9230408430099488, "epoch": 1, "iter": 350, "memory": 8468, "step": 350}
{"base_lr": 1e-05, "lr": 1e-05, "data_time": 0.01881077289581299, "grad_norm": 1.4054749608039856, "loss": 8.2403733253479, "time": 1.9287937879562378, "epoch": 1, "iter": 400, "memory": 8468, "step": 400}
{"base_lr": 1e-05, "lr": 1e-05, "data_time": 0.02670018672943115, "grad_norm": 1.4069885969161988, "loss": 8.177464199066161, "time": 1.9387113809585572, "epoch": 1, "iter": 450, "memory": 8468, "step": 450}
{"base_lr": 1e-05, "lr": 1e-05, "data_time": 0.017734694480895995, "grad_norm": 1.4083046436309814, "loss": 8.07732400894165, "time": 1.9354203939437866, "epoch": 1, "iter": 500, "memory": 8468, "step": 500}
{"base_lr": 1e-05, "lr": 1e-05, "data_time": 0.024776649475097657, "grad_norm": 1.4069815635681153, "loss": 7.998986434936524, "time": 2.017948341369629, "epoch": 1, "iter": 550, "memory": 8468, "step": 550}
{"base_lr": 1e-05, "lr": 1e-05, "data_time": 0.022436881065368654, "grad_norm": 1.4173413276672364, "loss": 7.925921964645386, "time": 2.711547541618347, "epoch": 1, "iter": 600, "memory": 8468, "step": 600}
{"base_lr": 1e-05, "lr": 1e-05, "data_time": 0.02505326271057129, "grad_norm": 1.402290976047516, "loss": 7.844046211242675, "time": 2.7124030351638795, "epoch": 1, "iter": 650, "memory": 8468, "step": 650}
{"base_lr": 1e-05, "lr": 1e-05, "data_time": 0.026050090789794922, "grad_norm": 1.4046029210090638, "loss": 7.753476524353028, "time": 2.495272636413574, "epoch": 1, "iter": 700, "memory": 8468, "step": 700}
{"base_lr": 1e-05, "lr": 1e-05, "data_time": 0.0273944616317749, "grad_norm": 1.3992236375808715, "loss": 7.659075689315796, "time": 2.828426218032837, "epoch": 1, "iter": 750, "memory": 8468, "step": 750}
{"base_lr": 1e-05, "lr": 1e-05, "data_time": 0.022498774528503417, "grad_norm": 1.4081641793251038, "loss": 7.61441855430603, "time": 3.040914797782898, "epoch": 1, "iter": 800, "memory": 8468, "step": 800}
{"base_lr": 1e-05, "lr": 1e-05, "data_time": 0.021911239624023436, "grad_norm": 1.4068647742271423, "loss": 7.516450262069702, "time": 1.9048381328582764, "epoch": 1, "iter": 850, "memory": 8468, "step": 850}
{"base_lr": 1e-05, "lr": 1e-05, "data_time": 0.014586043357849122, "grad_norm": 1.4055240750312805, "loss": 7.424645042419433, "time": 1.9172588348388673, "epoch": 1, "iter": 900, "memory": 8468, "step": 900}
{"base_lr": 1e-05, "lr": 1e-05, "data_time": 0.022728490829467773, "grad_norm": 1.3985061168670654, "loss": 7.379037714004516, "time": 1.9101530075073243, "epoch": 1, "iter": 950, "memory": 8468, "step": 950}
{"base_lr": 1e-05, "lr": 1e-05, "data_time": 0.016735148429870606, "grad_norm": 1.3932321190834045, "loss": 7.291057825088501, "time": 1.927240252494812, "epoch": 1, "iter": 1000, "memory": 8468, "step": 1000}
{"base_lr": 1e-05, "lr": 1e-05, "data_time": 0.015394020080566406, "grad_norm": 1.3936286091804504, "loss": 7.226385498046875, "time": 2.0218480825424194, "epoch": 1, "iter": 1050, "memory": 8468, "step": 1050}
{"base_lr": 1e-05, "lr": 1e-05, "data_time": 0.02401440143585205, "grad_norm": 1.3925538420677186, "loss": 7.147827529907227, "time": 1.9193479299545289, "epoch": 1, "iter": 1100, "memory": 8468, "step": 1100}
{"base_lr": 1e-05, "lr": 1e-05, "data_time": 0.023733639717102052, "grad_norm": 1.3879803538322448, "loss": 7.062128734588623, "time": 2.3383479356765746, "epoch": 1, "iter": 1150, "memory": 8468, "step": 1150}
{"base_lr": 1e-05, "lr": 1e-05, "data_time": 0.017101359367370606, "grad_norm": 1.386432957649231, "loss": 7.012233304977417, "time": 2.9822391510009765, "epoch": 1, "iter": 1200, "memory": 8468, "step": 1200}
{"base_lr": 1e-05, "lr": 1e-05, "data_time": 0.017878103256225585, "grad_norm": 1.3873982548713684, "loss": 6.9296026706695555, "time": 2.460148811340332, "epoch": 1, "iter": 1250, "memory": 8468, "step": 1250}
{"base_lr": 1e-05, "lr": 1e-05, "data_time": 0.021304988861083986, "grad_norm": 1.3789892673492432, "loss": 6.868144989013672, "time": 1.9353556394577027, "epoch": 1, "iter": 1300, "memory": 8468, "step": 1300}
