{"base_lr": 0.001, "lr": 0.001, "data_time": 0.0014807462692260742, "loss": 7.748666381835937, "time": 0.552223801612854, "epoch": 1, "iter": 100, "memory": 9769, "step": 100}
{"base_lr": 0.001, "lr": 0.001, "data_time": 0.001606321334838867, "loss": 7.7979736328125, "time": 0.5401566982269287, "epoch": 1, "iter": 200, "memory": 9769, "step": 200}
{"base_lr": 0.001, "lr": 0.001, "data_time": 0.0014669418334960938, "loss": 7.94599609375, "time": 0.5459035396575928, "epoch": 1, "iter": 300, "memory": 9769, "step": 300}
{"base_lr": 0.001, "lr": 0.001, "data_time": 0.001089000701904297, "loss": 7.563650512695313, "time": 0.5511331796646118, "epoch": 1, "iter": 400, "memory": 9769, "step": 400}
{"base_lr": 0.001, "lr": 0.001, "data_time": 0.0014966964721679688, "loss": 7.686000061035156, "time": 0.5450052976608276, "epoch": 1, "iter": 500, "memory": 9769, "step": 500}
{"base_lr": 0.001, "lr": 0.001, "data_time": 0.0014061689376831054, "loss": 7.467146301269532, "time": 0.5491864919662476, "epoch": 1, "iter": 600, "memory": 9769, "step": 600}
{"base_lr": 0.001, "lr": 0.001, "data_time": 0.001095890998840332, "loss": 7.173938751220703, "time": 0.5427770614624023, "epoch": 1, "iter": 700, "memory": 9769, "step": 700}
{"base_lr": 0.001, "lr": 0.001, "data_time": 0.001443767547607422, "loss": 7.197691345214844, "time": 0.546106481552124, "epoch": 1, "iter": 800, "memory": 9769, "step": 800}
{"base_lr": 0.001, "lr": 0.001, "data_time": 0.0019052505493164062, "loss": 7.026195526123047, "time": 0.5581205606460571, "epoch": 1, "iter": 900, "memory": 9769, "step": 900}
{"base_lr": 0.001, "lr": 0.001, "data_time": 0.0013927221298217773, "loss": 7.0024162292480465, "time": 0.5506964921951294, "epoch": 1, "iter": 1000, "memory": 9769, "step": 1000}
{"base_lr": 0.001, "lr": 0.001, "data_time": 0.0011060714721679687, "loss": 7.0686187744140625, "time": 0.5479784488677979, "epoch": 1, "iter": 1100, "memory": 9769, "step": 1100}
{"base_lr": 0.001, "lr": 0.001, "data_time": 0.0014966487884521484, "loss": 6.936293029785157, "time": 0.5476620674133301, "epoch": 1, "iter": 1200, "memory": 9769, "step": 1200}
{"base_lr": 0.001, "lr": 0.001, "data_time": 0.0016524076461791992, "loss": 6.887106704711914, "time": 0.5635455846786499, "epoch": 1, "iter": 1300, "memory": 9769, "step": 1300}
{"base_lr": 0.001, "lr": 0.001, "data_time": 0.0016140937805175781, "loss": 6.789669799804687, "time": 0.543775486946106, "epoch": 1, "iter": 1400, "memory": 9769, "step": 1400}
{"base_lr": 0.001, "lr": 0.001, "data_time": 0.0013088226318359376, "loss": 6.813470840454102, "time": 0.5479612350463867, "epoch": 1, "iter": 1500, "memory": 9769, "step": 1500}
{"base_lr": 0.001, "lr": 0.001, "data_time": 0.0014391183853149415, "loss": 7.01658935546875, "time": 0.545759654045105, "epoch": 1, "iter": 1600, "memory": 9769, "step": 1600}
{"base_lr": 0.001, "lr": 0.001, "data_time": 0.002017712593078613, "loss": 6.612924575805664, "time": 0.5593445777893067, "epoch": 1, "iter": 1700, "memory": 9769, "step": 1700}
{"base_lr": 0.001, "lr": 0.001, "data_time": 0.001155519485473633, "loss": 6.8227846145629885, "time": 0.5466183662414551, "epoch": 1, "iter": 1800, "memory": 9769, "step": 1800}
{"base_lr": 0.001, "lr": 0.001, "data_time": 0.0018283843994140625, "loss": 7.194828796386719, "time": 0.5616896629333497, "epoch": 1, "iter": 1900, "memory": 9769, "step": 1900}
{"base_lr": 0.001, "lr": 0.001, "data_time": 0.001468658447265625, "loss": 6.369477272033691, "time": 0.547781229019165, "epoch": 1, "iter": 2000, "memory": 9769, "step": 2000}
{"base_lr": 0.001, "lr": 0.001, "data_time": 0.001753544807434082, "loss": 7.060283613204956, "time": 0.5521923065185547, "epoch": 1, "iter": 2100, "memory": 9769, "step": 2100}
{"base_lr": 0.001, "lr": 0.001, "data_time": 0.001524806022644043, "loss": 6.397210311889649, "time": 0.552139139175415, "epoch": 1, "iter": 2200, "memory": 9769, "step": 2200}
{"base_lr": 0.001, "lr": 0.001, "data_time": 0.0012955427169799804, "loss": 6.564714050292968, "time": 0.555798077583313, "epoch": 1, "iter": 2300, "memory": 9769, "step": 2300}
{"base_lr": 0.001, "lr": 0.001, "data_time": 0.001179647445678711, "loss": 6.5664866924285885, "time": 0.5410659074783325, "epoch": 1, "iter": 2400, "memory": 9769, "step": 2400}
{"base_lr": 0.001, "lr": 0.001, "data_time": 0.001409006118774414, "loss": 6.660909271240234, "time": 0.5408228397369385, "epoch": 1, "iter": 2500, "memory": 9769, "step": 2500}
{"base_lr": 0.001, "lr": 0.001, "data_time": 0.001013469696044922, "loss": 6.527126693725586, "time": 0.5602911233901977, "epoch": 1, "iter": 2600, "memory": 9769, "step": 2600}
{"base_lr": 0.001, "lr": 0.001, "data_time": 0.0014985322952270508, "loss": 6.561054229736328, "time": 0.5420132637023926, "epoch": 1, "iter": 2700, "memory": 9769, "step": 2700}
{"base_lr": 0.001, "lr": 0.001, "data_time": 0.0015417575836181641, "loss": 6.201089525222779, "time": 0.541999626159668, "epoch": 1, "iter": 2800, "memory": 9769, "step": 2800}
{"base_lr": 0.001, "lr": 0.001, "data_time": 0.0011258125305175781, "loss": 6.087873220443726, "time": 0.5429333209991455, "epoch": 1, "iter": 2900, "memory": 9769, "step": 2900}
{"base_lr": 0.001, "lr": 0.001, "data_time": 0.0006422996520996094, "loss": 6.381960487365722, "time": 0.5591166019439697, "epoch": 1, "iter": 3000, "memory": 9769, "step": 3000}
{"accuracy/top1": 17.820270538330078, "accuracy/top5": 29.724390029907227, "data_time": 0.9312908215956255, "time": 4.275016437877309, "step": 1}
{"base_lr": 0.0009890738003669028, "lr": 0.0009890738003669028, "data_time": 0.0010040998458862305, "loss": 6.006807708740235, "time": 0.5381030082702637, "epoch": 2, "iter": 3169, "memory": 9786, "step": 3169}
{"base_lr": 0.0009890738003669028, "lr": 0.0009890738003669028, "data_time": 0.0012670278549194336, "loss": 5.842039489746094, "time": 0.5386406660079956, "epoch": 2, "iter": 3269, "memory": 9786, "step": 3269}
{"base_lr": 0.0009890738003669028, "lr": 0.0009890738003669028, "data_time": 0.001175069808959961, "loss": 5.89616322517395, "time": 0.5381482362747192, "epoch": 2, "iter": 3369, "memory": 9786, "step": 3369}
{"base_lr": 0.0009890738003669028, "lr": 0.0009890738003669028, "data_time": 0.0011186599731445312, "loss": 5.9962762832641605, "time": 0.5338809728622437, "epoch": 2, "iter": 3469, "memory": 9786, "step": 3469}
{"base_lr": 0.0009890738003669028, "lr": 0.0009890738003669028, "data_time": 0.0014023065567016601, "loss": 6.1457537651062015, "time": 0.5367060422897338, "epoch": 2, "iter": 3569, "memory": 9786, "step": 3569}
{"base_lr": 0.0009890738003669028, "lr": 0.0009890738003669028, "data_time": 0.0014035463333129882, "loss": 6.042249393463135, "time": 0.5389612197875977, "epoch": 2, "iter": 3669, "memory": 9786, "step": 3669}
{"base_lr": 0.0009890738003669028, "lr": 0.0009890738003669028, "data_time": 0.0015681982040405273, "loss": 5.849847412109375, "time": 0.5614845752716064, "epoch": 2, "iter": 3769, "memory": 9786, "step": 3769}
{"base_lr": 0.0009890738003669028, "lr": 0.0009890738003669028, "data_time": 0.001186370849609375, "loss": 6.001189041137695, "time": 0.549385404586792, "epoch": 2, "iter": 3869, "memory": 9786, "step": 3869}
{"base_lr": 0.0009890738003669028, "lr": 0.0009890738003669028, "data_time": 0.001196002960205078, "loss": 6.146635246276856, "time": 0.5386170625686646, "epoch": 2, "iter": 3969, "memory": 9786, "step": 3969}
{"base_lr": 0.0009890738003669028, "lr": 0.0009890738003669028, "data_time": 0.0011842012405395507, "loss": 6.193351364135742, "time": 0.539670181274414, "epoch": 2, "iter": 4069, "memory": 9786, "step": 4069}
{"base_lr": 0.0009890738003669028, "lr": 0.0009890738003669028, "data_time": 0.001641988754272461, "loss": 5.691818284988403, "time": 0.5590022563934326, "epoch": 2, "iter": 4169, "memory": 9786, "step": 4169}
{"base_lr": 0.0009890738003669028, "lr": 0.0009890738003669028, "data_time": 0.0013745546340942383, "loss": 5.597059345245361, "time": 0.5444271326065063, "epoch": 2, "iter": 4269, "memory": 9786,