{"base_lr": 1e-05, "lr": 1e-05, "data_time": 0.018645882606506348, "grad_norm": 1.176817536354065, "loss": 8.838481426239014, "time": 1.053063154220581, "epoch": 1, "iter": 100, "memory": 4481, "step": 100}
{"base_lr": 1e-05, "lr": 1e-05, "data_time": 0.023496413230895997, "grad_norm": 1.237912654876709, "loss": 8.698459815979003, "time": 1.1339698076248168, "epoch": 1, "iter": 200, "memory": 4481, "step": 200}
