{"base_lr": 0.0001, "lr": 0.0001, "data_time": 0.0021554708480834963, "loss": 8.501627349853516, "time": 1.092656683921814, "epoch": 1, "iter": 25, "memory": 17712, "step": 25}
{"base_lr": 0.0001, "lr": 0.0001, "data_time": 0.0018388986587524413, "loss": 7.908662033081055, "time": 1.109993076324463, "epoch": 1, "iter": 50, "memory": 17712, "step": 50}
{"base_lr": 0.0001, "lr": 0.0001, "data_time": 0.5791269302368164, "loss": 7.426242256164551, "time": 1.672481155395508, "epoch": 1, "iter": 75, "memory": 17712, "step": 75}
