{"accuracy/top1": 84.60167694091797, "accuracy/top5": 96.34646606445312, "single-label/precision": 0.628699779510498, "single-label/recall": 0.5494809150695801, "single-label/f1-score": 0.5782452821731567, "2354/accuracy": 0.07779361967563714, "2354/precision": 0.07779361967563714, "2354/recall": 1.0, "2354/f1": 0.14435717238528314, "2354/f2": 0.29665624575234467, "2354/tp": null, "2354/tn": null, "2354/fp": null, "2354/fn": null, "2473/accuracy": 0.08376403493138478, "2473/precision": 0.08376403493138478, "2473/recall": 1.0, "2473/f1": 0.15457983884229565, "2473/f2": 0.31370978507542385, "2473/tp": null, "2473/tn": null, "2473/fp": null, "2473/fn": null, "data_time": 0.0019088680202079007, "time": 1.5581586522369493}