{"base_lr": 9.938441702975689e-06, "lr": 9.938441702975689e-06, "data_time": 0.004227995872497559, "grad_norm": 1.1601885318756104, "loss": 7.215310287475586, "time": 2.5828781604766844, "epoch": 2, "iter": 697, "memory": 32400, "step": 697}
{"base_lr": 9.938441702975689e-06, "lr": 9.938441702975689e-06, "data_time": 0.0032095909118652344, "grad_norm": 1.1618434071540833, "loss": 7.1541084289550785, "time": 2.5882129192352297, "epoch": 2, "iter": 722, "memory": 32400, "step": 722}
{"base_lr": 9.938441702975689e-06, "lr": 9.938441702975689e-06, "data_time": 0.0033997058868408202, "grad_norm": 1.1559329748153686, "loss": 7.115890121459961, "time": 2.58514199256897, "epoch": 2, "iter": 747, "memory": 32400, "step": 747}
{"base_lr": 9.938441702975689e-06, "lr": 9.938441702975689e-06, "data_time": 0.0026729583740234377, "grad_norm": 1.1596534967422485, "loss": 7.064247512817383, "time": 2.588879632949829, "epoch": 2, "iter": 772, "memory": 32400, "step": 772}
{"base_lr": 9.938441702975689e-06, "lr": 9.938441702975689e-06, "data_time": 0.004179477691650391, "grad_norm": 1.1645214915275575, "loss": 6.98348445892334, "time": 2.5958050966262816, "epoch": 2, "iter": 797, "memory": 32400, "step": 797}
{"base_lr": 9.938441702975689e-06, "lr": 9.938441702975689e-06, "data_time": 0.0022937297821044923, "grad_norm": 1.150546622276306, "loss": 6.946976280212402, "time": 2.5909270524978636, "epoch": 2, "iter": 822, "memory": 32400, "step": 822}
{"base_lr": 9.938441702975689e-06, "lr": 9.938441702975689e-06, "data_time": 0.0023738861083984373, "grad_norm": 1.1591563105583191, "loss": 6.8688455581665036, "time": 2.591893124580383, "epoch": 2, "iter": 847, "memory": 32400, "step": 847}
{"base_lr": 9.938441702975689e-06, "lr": 9.938441702975689e-06, "data_time": 0.002858877182006836, "grad_norm": 1.161937165260315, "loss": 6.8236791610717775, "time": 2.595756411552429, "epoch": 2, "iter": 872, "memory": 32400, "step": 872}
{"base_lr": 9.938441702975689e-06, "lr": 9.938441702975689e-06, "data_time": 0.002797508239746094, "grad_norm": 1.1574849843978883, "loss": 6.781672668457031, "time": 2.615790367126465, "epoch": 2, "iter": 897, "memory": 32400, "step": 897}
{"base_lr": 9.938441702975689e-06, "lr": 9.938441702975689e-06, "data_time": 0.0027950525283813475, "grad_norm": 1.1548843264579773, "loss": 6.722674369812012, "time": 2.6336638927459717, "epoch": 2, "iter": 922, "memory": 32400, "step": 922}
{"base_lr": 9.938441702975689e-06, "lr": 9.938441702975689e-06, "data_time": 0.002499294281005859, "grad_norm": 1.1467005014419556, "loss": 6.649017810821533, "time": 2.607387661933899, "epoch": 2, "iter": 947, "memory": 32400, "step": 947}
{"base_lr": 9.938441702975689e-06, "lr": 9.938441702975689e-06, "data_time": 0.003541994094848633, "grad_norm": 1.1449485301971436, "loss": 6.625988578796386, "time": 2.5958484411239624, "epoch": 2, "iter": 972, "memory": 32400, "step": 972}
{"base_lr": 9.938441702975689e-06, "lr": 9.938441702975689e-06, "data_time": 0.0038147449493408205, "grad_norm": 1.1420008301734925, "loss": 6.557840156555176, "time": 2.5992890357971192, "epoch": 2, "iter": 997, "memory": 32400, "step": 997}
{"base_lr": 9.938441702975689e-06, "lr": 9.938441702975689e-06, "data_time": 0.002885746955871582, "grad_norm": 1.1445862650871277, "loss": 6.515553283691406, "time": 2.601308560371399, "epoch": 2, "iter": 1022, "memory": 32400, "step": 1022}
{"base_lr": 9.938441702975689e-06, "lr": 9.938441702975689e-06, "data_time": 0.0035683870315551757, "grad_norm": 1.1380523920059205, "loss": 6.46587553024292, "time": 2.5987746715545654, "epoch": 2, "iter": 1047, "memory": 32400, "step": 1047}
{"base_lr": 9.938441702975689e-06, "lr": 9.938441702975689e-06, "data_time": 0.0025250911712646484, "grad_norm": 1.1447972893714904, "loss": 6.41726016998291, "time": 2.5939738273620607, "epoch": 2, "iter": 1072, "memory": 32400, "step": 1072}
{"base_lr": 9.938441702975689e-06, "lr": 9.938441702975689e-06, "data_time": 0.002640843391418457, "grad_norm": 1.1339045882225036, "loss": 6.359376335144043, "time": 2.6429594993591308, "epoch": 2, "iter": 1097, "memory": 32400, "step": 1097}
{"base_lr": 9.938441702975689e-06, "lr": 9.938441702975689e-06, "data_time": 0.0025873899459838865, "grad_norm": 1.139624869823456, "loss": 6.324999904632568, "time": 2.5976572275161742, "epoch": 2, "iter": 1122, "memory": 32400, "step": 1122}
{"base_lr": 9.938441702975689e-06, "lr": 9.938441702975689e-06, "data_time": 0.0025813102722167967, "grad_norm": 1.1305697560310364, "loss": 6.237782621383667, "time": 2.656450366973877, "epoch": 2, "iter": 1147, "memory": 32400, "step": 1147}
{"base_lr": 9.938441702975689e-06, "lr": 9.938441702975689e-06, "data_time": 0.0024212360382080077, "grad_norm": 1.132769024372101, "loss": 6.200899314880371, "time": 2.615680456161499, "epoch": 2, "iter": 1172, "memory": 32400, "step": 1172}
{"base_lr": 9.938441702975689e-06, "lr": 9.938441702975689e-06, "data_time": 0.0025564908981323244, "grad_norm": 1.1261137008666993, "loss": 6.169235610961914, "time": 2.5917962789535522, "epoch": 2, "iter": 1197, "memory": 32400, "step": 1197}
{"base_lr": 9.938441702975689e-06, "lr": 9.938441702975689e-06, "data_time": 0.004170608520507812, "grad_norm": 1.1247205018997193, "loss": 6.100108003616333, "time": 2.5941269397735596, "epoch": 2, "iter": 1222, "memory": 32400, "step": 1222}
{"base_lr": 9.938441702975689e-06, "lr": 9.938441702975689e-06, "data_time": 0.002443861961364746, "grad_norm": 1.1233993768692017, "loss": 6.059152317047119, "time": 2.639946699142456, "epoch": 2, "iter": 1247, "memory": 32400, "step": 1247}
{"base_lr": 9.938441702975689e-06, "lr": 9.938441702975689e-06, "data_time": 0.002291560173034668, "grad_norm": 1.1224467992782592, "loss": 6.010686588287354, "time": 2.591512584686279, "epoch": 2, "iter": 1272, "memory": 32400, "step": 1272}
{"base_lr": 9.938441702975689e-06, "lr": 9.938441702975689e-06, "data_time": 0.002844882011413574, "grad_norm": 1.1159837007522584, "loss": 5.990256118774414, "time": 2.6247913122177122, "epoch": 2, "iter": 1297, "memory": 32400, "step": 1297}
{"base_lr": 9.938441702975689e-06, "lr": 9.938441702975689e-06, "data_time": 0.0019693613052368165, "grad_norm": 1.1131853461265564, "loss": 5.898173761367798, "time": 2.603775691986084, "epoch": 2, "iter": 1322, "memory": 32400, "step": 1322}
{"accuracy/top1": 22.996686935424805, "accuracy/top5": 47.36410903930664, "data_time": 1.932151193971987, "time": 19.44514188060054, "step": 2}
{"base_lr": 9.755282581475769e-06, "lr": 9.755282581475769e-06, "data_time": 0.0036626577377319334, "grad_norm": 1.1098168611526489, "loss": 5.830262947082519, "time": 2.5850630044937133, "epoch": 3, "iter": 1369, "memory": 48840, "step": 1369}
{"base_lr": 9.755282581475769e-06, "lr": 9.755282581475769e-06, "data_time": 0.004070758819580078, "grad_norm": 1.108430564403534, "loss": 5.7821280002594, "time": 2.614267444610596, "epoch": 3, "iter": 1394, "memory": 32400, "step": 1394}
{"base_lr": 9.755282581475769e-06, "lr": 9.755282581475769e-06, "data_time": 0.0021895170211791992, "grad_norm": 1.1078770518302918, "loss": 5.719002628326416, "time": 2.5905169010162354, "epoch": 3, "iter": 1419, "memory": 32400, "step": 1419}
{"base_lr": 9.755282581475769e-06, "lr": 9.755282581475769e-06, "data_time": 0.0023282527923583984, "grad_norm": 1.103348159790039, "loss": 5.692729187011719, "time": 2.5911651849746704, "epoch": 3, "iter": 1444, "memory": 32400, "step": 1444}
{"base_lr": 9.755282581475769e-06, "lr": 9.755282581475769e-06, "data_time": 0.0026234149932861327, "grad_norm": 1.1028828024864197, "loss": 5.639082622528076, "time": 2.6208202600479127, "epoch": 3, "iter": 1469, "memory": 32400, "step": 1469}
{"base_lr": 9.755282581475769e-06, "lr": 9.755282581475769e-06, "data_time": 0.0032690286636352537, "grad_norm": 1.0996037125587463, "loss": 5.597041177749634, "time": 2.591527009010315, "epoch": 3, "iter": 1494, "memory": 32400, "step": 1494}
{"base_lr": 9.755282581475769e-06, "lr": 9.755282581475769e-06,