{"base_lr": 0.001, "lr": 0.001, "data_time": 0.0023622751235961915, "grad_norm": 1.549353551864624, "loss": 6.440917062759399, "time": 0.9126714944839478, "epoch": 1, "iter": 100, "memory": 4481, "step": 100}
{"base_lr": 0.001, "lr": 0.001, "data_time": 0.00143280029296875, "grad_norm": 1.5277239322662353, "loss": 5.2069666385650635, "time": 0.9199585914611816, "epoch": 1, "iter": 200, "memory": 4481, "step": 200}
{"base_lr": 0.001, "lr": 0.001, "data_time": 0.0013891935348510742, "grad_norm": 1.4843417525291442, "loss": 5.637881112098694, "time": 0.9186530590057373, "epoch": 1, "iter": 300, "memory": 4481, "step": 300}
{"base_lr": 0.001, "lr": 0.001, "data_time": 0.0018211126327514649, "grad_norm": 1.470038378238678, "loss": 4.671206402778625, "time": 0.9186990022659302, "epoch": 1, "iter": 400, "memory": 4481, "step": 400}
{"base_lr": 0.001, "lr": 0.001, "data_time": 0.003217172622680664, "grad_norm": 1.4473456263542175, "loss": 5.378419494628906, "time": 0.9181402921676636, "epoch": 1, "iter": 500, "memory": 4481, "step": 500}
{"base_lr": 0.001, "lr": 0.001, "data_time": 0.0018858194351196289, "grad_norm": 1.4432324528694154, "loss": 5.378010320663452, "time": 0.9196899890899658, "epoch": 1, "iter": 600, "memory": 4481, "step": 600}
{"base_lr": 0.001, "lr": 0.001, "data_time": 0.0010719537734985352, "grad_norm": 1.4176455855369567, "loss": 5.481502437591553, "time": 0.9149772644042968, "epoch": 1, "iter": 700, "memory": 4481, "step": 700}
{"base_lr": 0.001, "lr": 0.001, "data_time": 0.0016625881195068359, "grad_norm": 1.436191201210022, "loss": 5.280309963226318, "time": 0.9169680595397949, "epoch": 1, "iter": 800, "memory": 4481, "step": 800}
{"base_lr": 0.001, "lr": 0.001, "data_time": 0.0011267900466918946, "grad_norm": 1.4318622469902038, "loss": 5.753120422363281, "time": 0.9168045282363891, "epoch": 1, "iter": 900, "memory": 4481, "step": 900}
{"base_lr": 0.001, "lr": 0.001, "data_time": 0.0016557693481445313, "grad_norm": 1.4260371804237366, "loss": 5.609079360961914, "time": 0.9209891319274902, "epoch": 1, "iter": 1000, "memory": 4481, "step": 1000}
{"base_lr": 0.001, "lr": 0.001, "data_time": 0.0014197111129760742, "grad_norm": 1.4235082864761353, "loss": 5.234361791610718, "time": 0.917838168144226, "epoch": 1, "iter": 1100, "memory": 4481, "step": 1100}
{"base_lr": 0.001, "lr": 0.001, "data_time": 0.001047039031982422, "grad_norm": 1.4390392184257508, "loss": 4.719853496551513, "time": 0.9147867918014526, "epoch": 1, "iter": 1200, "memory": 4481, "step": 1200}
{"base_lr": 0.001, "lr": 0.001, "data_time": 0.0013055086135864257, "grad_norm": 1.434541392326355, "loss": 5.3643580913543705, "time": 0.9167576313018799, "epoch": 1, "iter": 1300, "memory": 4481, "step": 1300}
{"base_lr": 0.001, "lr": 0.001, "data_time": 0.001133561134338379, "grad_norm": 1.4431570887565612, "loss": 5.574153470993042, "time": 0.9153195381164551, "epoch": 1, "iter": 1400, "memory": 4481, "step": 1400}
{"base_lr": 0.001, "lr": 0.001, "data_time": 0.0012214899063110352, "grad_norm": 1.4126339197158813, "loss": 4.701661872863769, "time": 0.917760682106018, "epoch": 1, "iter": 1500, "memory": 4481, "step": 1500}
{"base_lr": 0.001, "lr": 0.001, "data_time": 0.0023722171783447264, "grad_norm": 1.436476457118988, "loss": 5.262342381477356, "time": 0.9175109148025513, "epoch": 1, "iter": 1600, "memory": 4481, "step": 1600}
{"base_lr": 0.001, "lr": 0.001, "data_time": 0.001645660400390625, "grad_norm": 1.4136898159980773, "loss": 5.3159339904785154, "time": 0.9192501306533813, "epoch": 1, "iter": 1700, "memory": 4481, "step": 1700}
{"base_lr": 0.001, "lr": 0.001, "data_time": 0.001177668571472168, "grad_norm": 1.4226681470870972, "loss": 4.5717374086380005, "time": 0.9627432823181152, "epoch": 1, "iter": 1800, "memory": 4481, "step": 1800}
{"base_lr": 0.001, "lr": 0.001, "data_time": 0.0016471147537231445, "grad_norm": 1.400452935695648, "loss": 4.765812635421753, "time": 0.9166065931320191, "epoch": 1, "iter": 1900, "memory": 4481, "step": 1900}
{"base_lr": 0.001, "lr": 0.001, "data_time": 0.0014168500900268554, "grad_norm": 1.4238295912742616, "loss": 4.82459523677826, "time": 0.9158940792083741, "epoch": 1, "iter": 2000, "memory": 4481, "step": 2000}
{"base_lr": 0.001, "lr": 0.001, "data_time": 0.0017340421676635743, "grad_norm": 1.4058247208595276, "loss": 5.164925193786621, "time": 0.9188699007034302, "epoch": 1, "iter": 2100, "memory": 4481, "step": 2100}
{"base_lr": 0.001, "lr": 0.001, "data_time": 0.001656794548034668, "grad_norm": 1.4160754561424256, "loss": 4.968495464324951, "time": 0.9170053005218506, "epoch": 1, "iter": 2200, "memory": 4481, "step": 2200}
{"base_lr": 0.001, "lr": 0.001, "data_time": 0.0016087532043457032, "grad_norm": 1.4065967440605163, "loss": 5.447736406326294, "time": 0.927095603942871, "epoch": 1, "iter": 2300, "memory": 4481, "step": 2300}
{"base_lr": 0.001, "lr": 0.001, "data_time": 0.0015161514282226562, "grad_norm": 1.4214751839637756, "loss": 5.627106714248657, "time": 0.9191730976104736, "epoch": 1, "iter": 2400, "memory": 4481, "step": 2400}
{"base_lr": 0.001, "lr": 0.001, "data_time": 0.0013776540756225586, "grad_norm": 1.424641740322113, "loss": 4.926715636253357, "time": 0.9166307210922241, "epoch": 1, "iter": 2500, "memory": 4481, "step": 2500}
{"base_lr": 0.001, "lr": 0.001, "data_time": 0.0017026185989379883, "grad_norm": 1.3694918990135192, "loss": 4.860755491256714, "time": 0.9207809209823609, "epoch": 1, "iter": 2600, "memory": 4481, "step": 2600}
{"accuracy/top1": 51.14501190185547, "accuracy/top5": 75.17748260498047, "data_time": 0.08955803623905888, "time": 3.417215393649207, "step": 1}
{"base_lr": 0.0009938441702975688, "lr": 0.0009938441702975688, "data_time": 0.0018267154693603516, "grad_norm": 1.397604191303253, "loss": 5.2495102167129515, "time": 0.9208319187164307, "epoch": 2, "iter": 2788, "memory": 6542, "step": 2788}
{"base_lr": 0.0009938441702975688, "lr": 0.0009938441702975688, "data_time": 0.0017039775848388672, "grad_norm": 1.375503408908844, "loss": 4.918476271629333, "time": 0.9203005790710449, "epoch": 2, "iter": 2888, "memory": 4481, "step": 2888}
{"base_lr": 0.0009938441702975688, "lr": 0.0009938441702975688, "data_time": 0.0037293434143066406, "grad_norm": 1.379825234413147, "loss": 4.923110151290894, "time": 0.9200060367584229, "epoch": 2, "iter": 2988, "memory": 4481, "step": 2988}
{"base_lr": 0.0009938441702975688, "lr": 0.0009938441702975688, "data_time": 0.0014969110488891602, "grad_norm": 1.4285635232925415, "loss": 5.396293783187867, "time": 0.9184047222137451, "epoch": 2, "iter": 3088, "memory": 4481, "step": 3088}
{"base_lr": 0.0009938441702975688, "lr": 0.0009938441702975688, "data_time": 0.0015781402587890625, "grad_norm": 1.408247721195221, "loss": 5.372435879707337, "time": 0.9190486192703247, "epoch": 2, "iter": 3188, "memory": 4481, "step": 3188}
{"base_lr": 0.0009938441702975688, "lr": 0.0009938441702975688, "data_time": 0.0011962890625, "grad_norm": 1.4016935348510742, "loss": 5.253513884544373, "time": 0.9153515815734863, "epoch": 2, "iter": 3288, "memory": 4481, "step": 3288}
{"base_lr": 0.0009938441702975688, "lr": 0.0009938441702975688, "data_time": 0.0012264490127563477, "grad_norm": 1.395775055885315, "loss": 5.286704802513123, "time": 0.9186165809631348, "epoch": 2, "iter": 3388, "memory": 4481, "step": 3388}
{"base_lr": 0.0009938441702975688, "lr": 0.0009938441702975688, "data_time": 0.0011559724807739258, "grad_norm": 1.399089765548706, "loss": 5.39829649925232, "time": 0.9166674852371216, "epoch": 2, "iter": 3488, "memory": 4481, "step": 3488}
{"base_lr": 0.0009938441702975688, "lr": 0.0009938441702975688, "data_time": 0.00143280029296875, "grad_norm": 1.378720724582672, "loss": 4.751678156852722, "time": 0.9157252311706543, "epoch": 2, "iter": 3588, "memory": 4481, "step": 3588}
{"base_lr": 0.0009938441702975688, "lr": 0.0009938441702975688, "data_time": 0.001302790641784668, "grad_norm": 1.3973210334777832, "loss": 4.875247383117676, "time": 0.9193915843963623,