{"accuracy/top1": 98.14649963378906, "1/accuracy": 0.9797718766708252, "1/precision": 0.886240520043337, "1/recall": 0.8702127659574468, "1/f1": 0.8781535158346753, "1/f2": 0.8733717702327569, "1/tp": null, "1/tn": null, "1/fp": null, "1/fn": null, "single-label/precision_classwise": [98.37686920166016, 95.1851806640625], "single-label/recall_classwise": [99.62069702148438, 82.02127838134766], "single-label/f1-score_classwise": [98.99488067626953, 88.11428833007812], "data_time": 1.4113597472508748, "time": 17.362471342086792}