{"accuracy/top1": 83.49514770507812, "accuracy/top5": 95.87378692626953, "single-label/precision": 0.5141811966896057, "single-label/recall": 0.47862252593040466, "single-label/f1-score": 0.484040766954422, "2354/accuracy": 0.9902912621359223, "2354/precision": 0.9245283018867925, "2354/recall": 0.9245283018867925, "2354/f1": 0.9245283018867925, "2354/f2": 0.9245283018867926, "2354/tp": null, "2354/tn": null, "2354/fp": null, "2354/fn": null, "2473/accuracy": 0.991504854368932, "2473/precision": 0.9166666666666666, "2473/recall": 0.9649122807017544, "2473/f1": 0.9401709401709402, "2473/f2": 0.9548611111111109, "2473/tp": null, "2473/tn": null, "2473/fp": null, "2473/fn": null, "data_time": 0.002750857362469423, "time": 1.5753779411315918}