{"accuracy/top1": 98.14649963378906, "accuracy": 0.9498306897166281, "precision": 0.6349319971367215, "recall": 0.9436170212765957, "f1": 0.7590928540864357, "tp": null, "tn": null, "fp": null, "fn": null, "single-label/precision_classwise": [98.37686920166016, 95.1851806640625], "single-label/recall_classwise": [99.62069702148438, 82.02127838134766], "single-label/f1-score_classwise": [98.99488067626953, 88.11428833007812], "fns": [[0, 53]], "data_time": 0.6387953974983909, "time": 17.860662655396894}