{"accuracy/top1": 98.14649963378906, "accuracy": 0.9814649795045447, "precision": 0.9518518518518518, "recall": 0.8202127659574469, "f1": 0.8811428571428572, "tp": null, "tn": null, "fp": null, "fn": null, "single-label/precision_classwise": [98.37686920166016, 95.1851806640625], "single-label/recall_classwise": [99.62069702148438, 82.02127838134766], "single-label/f1-score_classwise": [98.99488067626953, 88.11428833007812], "fns": [[0, 169]], "data_time": 0.6942181153730913, "time": 17.942659919912163}