{"accuracy/top1": 94.11764526367188, "accuracy/top5": 100.0, "single-label/precision": 0.14091724157333374, "single-label/recall": 0.13451191782951355, "single-label/f1-score": 0.13664701581001282, "2354/accuracy": 0.0, "2354/precision": 0.0, "2354/tp": null, "2354/tn": null, "2354/fp": null, "2354/fn": null, "2473/accuracy": 0.11764705882352941, "2473/precision": 0.11764705882352941, "2473/recall": 1.0, "2473/f1": 0.21052631578947367, "2473/f2": 0.39999999999999997, "2473/tp": null, "2473/tn": null, "2473/fp": null, "2473/fn": null, "2354/recall": null, "2354/f1": null, "2354/f2": null, "data_time": 0.07388035456339519, "time": 1.275367259979248}