{"base_lr": 4.322727117869951e-05, "lr": 4.322727117869951e-05, "data_time": 0.0012502193450927735, "loss": 1.8261220455169678, "time": 1.0850297689437867, "epoch": 14, "iter": 13776, "memory": 33870, "step": 13776}
{"base_lr": 4.322727117869951e-05, "lr": 4.322727117869951e-05, "data_time": 0.0009334087371826172, "loss": 1.8599142193794251, "time": 1.0865671157836914, "epoch": 14, "iter": 13876, "memory": 33870, "step": 13876}
{"base_lr": 4.322727117869951e-05, "lr": 4.322727117869951e-05, "data_time": 0.001024317741394043, "loss": 1.850525975227356, "time": 1.0874237537384033, "epoch": 14, "iter": 13976, "memory": 33870, "step": 13976}
{"base_lr": 4.322727117869951e-05, "lr": 4.322727117869951e-05, "data_time": 0.0010418176651000976, "loss": 1.8068750023841857, "time": 1.088530707359314, "epoch": 14, "iter": 14076, "memory": 33870, "step": 14076}
{"base_lr": 4.322727117869951e-05, "lr": 4.322727117869951e-05, "data_time": 0.0009977340698242188, "loss": 1.8462259769439697, "time": 1.0883065462112427, "epoch": 14, "iter": 14176, "memory": 33870, "step": 14176}
{"base_lr": 4.322727117869951e-05, "lr": 4.322727117869951e-05, "data_time": 0.0009366512298583984, "loss": 1.7189645051956177, "time": 1.0882580280303955, "epoch": 14, "iter": 14276, "memory": 33870, "step": 14276}
{"base_lr": 4.322727117869951e-05, "lr": 4.322727117869951e-05, "data_time": 0.0009635448455810547, "loss": 1.6828493237495423, "time": 1.0887933254241944, "epoch": 14, "iter": 14376, "memory": 33870, "step": 14376}
{"base_lr": 4.322727117869951e-05, "lr": 4.322727117869951e-05, "data_time": 0.0009473085403442383, "loss": 1.8394187211990356, "time": 1.087809181213379, "epoch": 14, "iter": 14476, "memory": 33870, "step": 14476}
{"base_lr": 4.322727117869951e-05, "lr": 4.322727117869951e-05, "data_time": 0.0009502887725830079, "loss": 1.8205737233161927, "time": 1.0885295391082763, "epoch": 14, "iter": 14576, "memory": 33870, "step": 14576}
{"base_lr": 4.322727117869951e-05, "lr": 4.322727117869951e-05, "data_time": 0.0009573698043823242, "loss": 1.6783572077751159, "time": 1.0878029584884643, "epoch": 14, "iter": 14676, "memory": 33870, "step": 14676}
{"accuracy/top1": 49.65240478515625, "accuracy/top5": 80.21390533447266, "data_time": 0.15017987835791805, "time": 2.9572395816926034, "step": 14}
{"base_lr": 1.0926199633097156e-05, "lr": 1.0926199633097156e-05, "data_time": 0.0011365413665771484, "loss": 1.684102189540863, "time": 1.0904417514801026, "epoch": 15, "iter": 14828, "memory": 33870, "step": 14828}
{"base_lr": 1.0926199633097156e-05, "lr": 1.0926199633097156e-05, "data_time": 0.0008793354034423828, "loss": 1.7979021906852721, "time": 1.08904025554657, "epoch": 15, "iter": 14928, "memory": 33870, "step": 14928}
{"base_lr": 1.0926199633097156e-05, "lr": 1.0926199633097156e-05, "data_time": 0.0009367704391479492, "loss": 1.819377028942108, "time": 1.0883308887481689, "epoch": 15, "iter": 15028, "memory": 33870, "step": 15028}
{"base_lr": 1.0926199633097156e-05, "lr": 1.0926199633097156e-05, "data_time": 0.000896453857421875, "loss": 1.7253648042678833, "time": 1.0883676767349244, "epoch": 15, "iter": 15128, "memory": 33870, "step": 15128}
{"base_lr": 1.0926199633097156e-05, "lr": 1.0926199633097156e-05, "data_time": 0.0012218236923217773, "loss": 1.7093721628189087, "time": 1.0891924858093263, "epoch": 15, "iter": 15228, "memory": 33870, "step": 15228}
{"base_lr": 1.0926199633097156e-05, "lr": 1.0926199633097156e-05, "data_time": 0.000903463363647461, "loss": 1.7040740489959716, "time": 1.0888423681259156, "epoch": 15, "iter": 15328, "memory": 33870, "step": 15328}
{"base_lr": 1.0926199633097156e-05, "lr": 1.0926199633097156e-05, "data_time": 0.0008821725845336914, "loss": 1.7306043267250062, "time": 1.0891839265823364, "epoch": 15, "iter": 15428, "memory": 33870, "step": 15428}
{"base_lr": 1.0926199633097156e-05, "lr": 1.0926199633097156e-05, "data_time": 0.0009543895721435547, "loss": 1.8563719391822815, "time": 1.0893766164779664, "epoch": 15, "iter": 15528, "memory": 33870, "step": 15528}
{"base_lr": 1.0926199633097156e-05, "lr": 1.0926199633097156e-05, "data_time": 0.0009358406066894531, "loss": 1.7191258311271667, "time": 1.0898753881454468, "epoch": 15, "iter": 15628, "memory": 33870, "step": 15628}
{"base_lr": 1.0926199633097156e-05, "lr": 1.0926199633097156e-05, "data_time": 0.0008661746978759766, "loss": 1.7997175931930542, "time": 1.0894365072250367, "epoch": 15, "iter": 15728, "memory": 33870, "step": 15728}
{"accuracy/top1": 50.0802116394043, "accuracy/top5": 80.08021545410156, "data_time": 0.037585750702888734, "time": 2.8255185388749644, "step": 15}
