{"accuracy/top1": 98.14649963378906, "1/accuracy": 0.978880769916236, "1/precision": 0.8703898840885143, "1/recall": 0.8787234042553191, "1/f1": 0.8745367919534145, "1/f2": 0.8770439583775748, "1/tp": null, "1/tn": null, "1/fp": null, "1/fn": null, "single-label/precision_classwise": [98.37686920166016, 95.1851806640625], "single-label/recall_classwise": [99.62069702148438, 82.02127838134766], "single-label/f1-score_classwise": [98.99488067626953, 88.11428833007812], "data_time": 1.5544613202412922, "time": 17.479608337084453}