{"base_lr": 4.217827674798848e-05, "lr": 4.217827674798848e-05, "data_time": 0.0011331796646118163, "loss": 0.8864815711975098, "time": 1.2649031162261963, "epoch": 12, "iter": 14094, "memory": 32377, "step": 14094}
{"base_lr": 4.217827674798848e-05, "lr": 4.217827674798848e-05, "data_time": 0.0012363433837890626, "loss": 0.9010902345180511, "time": 1.2657091617584229, "epoch": 12, "iter": 14119, "memory": 32377, "step": 14119}
{"base_lr": 4.217827674798848e-05, "lr": 4.217827674798848e-05, "data_time": 0.001141834259033203, "loss": 0.8730482995510102, "time": 1.267283821105957, "epoch": 12, "iter": 14144, "memory": 32377, "step": 14144}
{"base_lr": 4.217827674798848e-05, "lr": 4.217827674798848e-05, "data_time": 0.001416158676147461, "loss": 0.8743128299713134, "time": 1.2686650276184082, "epoch": 12, "iter": 14169, "memory": 32377, "step": 14169}
{"base_lr": 4.217827674798848e-05, "lr": 4.217827674798848e-05, "data_time": 0.0012588977813720703, "loss": 0.8858374834060669, "time": 1.2682415962219238, "epoch": 12, "iter": 14194, "memory": 32377, "step": 14194}
{"base_lr": 4.217827674798848e-05, "lr": 4.217827674798848e-05, "data_time": 2.343675637245178, "loss": 0.882362961769104, "time": 3.6113943099975585, "epoch": 12, "iter": 14219, "memory": 32377, "step": 14219}
{"base_lr": 4.217827674798848e-05, "lr": 4.217827674798848e-05, "data_time": 2.3306994676589965, "loss": 0.879906851053238, "time": 3.5992422580718992, "epoch": 12, "iter": 14244, "memory": 32377, "step": 14244}
{"base_lr": 4.217827674798848e-05, "lr": 4.217827674798848e-05, "data_time": 2.2735950469970705, "loss": 0.8940600097179413, "time": 3.5416619300842287, "epoch": 12, "iter": 14269, "memory": 32377, "step": 14269}
{"base_lr": 4.217827674798848e-05, "lr": 4.217827674798848e-05, "data_time": 2.067841386795044, "loss": 0.8895553469657898, "time": 3.3376110792160034, "epoch": 12, "iter": 14294, "memory": 32377, "step": 14294}
{"base_lr": 4.217827674798848e-05, "lr": 4.217827674798848e-05, "data_time": 0.0013326644897460938, "loss": 0.92091606259346, "time": 1.2716284036636352, "epoch": 12, "iter": 14319, "memory": 32377, "step": 14319}
{"base_lr": 4.217827674798848e-05, "lr": 4.217827674798848e-05, "data_time": 0.0015144586563110352, "loss": 0.9069094240665436, "time": 1.2701950073242188, "epoch": 12, "iter": 14344, "memory": 32377, "step": 14344}
{"base_lr": 4.217827674798848e-05, "lr": 4.217827674798848e-05, "data_time": 0.0013161420822143555, "loss": 0.8966687500476838, "time": 1.269617772102356, "epoch": 12, "iter": 14369, "memory": 32377, "step": 14369}
{"base_lr": 4.217827674798848e-05, "lr": 4.217827674798848e-05, "data_time": 0.0013991594314575195, "loss": 0.8879335284233093, "time": 1.270134401321411, "epoch": 12, "iter": 14394, "memory": 32377, "step": 14394}
{"base_lr": 4.217827674798848e-05, "lr": 4.217827674798848e-05, "data_time": 0.0013947725296020509, "loss": 0.9058937311172486, "time": 1.2716407299041748, "epoch": 12, "iter": 14419, "memory": 32377, "step": 14419}
{"base_lr": 4.217827674798848e-05, "lr": 4.217827674798848e-05, "data_time": 0.0011660337448120117, "loss": 0.8998390257358551, "time": 1.268807339668274, "epoch": 12, "iter": 14444, "memory": 32377, "step": 14444}
{"base_lr": 4.217827674798848e-05, "lr": 4.217827674798848e-05, "data_time": 2.375109243392944, "loss": 0.8863748013973236, "time": 3.6441368103027343, "epoch": 12, "iter": 14469, "memory": 32377, "step": 14469}
{"base_lr": 4.217827674798848e-05, "lr": 4.217827674798848e-05, "data_time": 2.191737174987793, "loss": 0.8926232933998108, "time": 3.4617708683013917, "epoch": 12, "iter": 14494, "memory": 32377, "step": 14494}
{"base_lr": 4.217827674798848e-05, "lr": 4.217827674798848e-05, "data_time": 2.14985876083374, "loss": 0.870365047454834, "time": 3.4221221208572388, "epoch": 12, "iter": 14519, "memory": 32377, "step": 14519}
{"base_lr": 4.217827674798848e-05, "lr": 4.217827674798848e-05, "data_time": 0.0013161420822143555, "loss": 0.908420330286026, "time": 1.2716671228408813, "epoch": 12, "iter": 14544, "memory": 32377, "step": 14544}
{"base_lr": 4.217827674798848e-05, "lr": 4.217827674798848e-05, "data_time": 0.0014365673065185546, "loss": 0.9052199602127076, "time": 1.2708580255508424, "epoch": 12, "iter": 14569, "memory": 32377, "step": 14569}
{"base_lr": 4.217827674798848e-05, "lr": 4.217827674798848e-05, "data_time": 0.0014697074890136718, "loss": 0.9037288129329681, "time": 1.272058629989624, "epoch": 12, "iter": 14594, "memory": 32377, "step": 14594}
{"base_lr": 4.217827674798848e-05, "lr": 4.217827674798848e-05, "data_time": 0.0014156341552734376, "loss": 0.8996737480163575, "time": 1.2719624996185304, "epoch": 12, "iter": 14619, "memory": 32377, "step": 14619}
{"base_lr": 4.217827674798848e-05, "lr": 4.217827674798848e-05, "data_time": 0.0013363122940063476, "loss": 0.8953683018684387, "time": 1.2706781387329102, "epoch": 12, "iter": 14644, "memory": 32377, "step": 14644}
{"base_lr": 4.217827674798848e-05, "lr": 4.217827674798848e-05, "data_time": 0.04494755268096924, "loss": 0.9168525397777557, "time": 1.3147420644760133, "epoch": 12, "iter": 14669, "memory": 32377, "step": 14669}
{"base_lr": 4.217827674798848e-05, "lr": 4.217827674798848e-05, "data_time": 2.4474453926086426, "loss": 0.9054002642631531, "time": 3.7155874967575073, "epoch": 12, "iter": 14694, "memory": 32377, "step": 14694}
{"base_lr": 4.217827674798848e-05, "lr": 4.217827674798848e-05, "data_time": 2.330050754547119, "loss": 0.9112291634082794, "time": 3.5988698482513426, "epoch": 12, "iter": 14719, "memory": 32377, "step": 14719}
{"base_lr": 4.217827674798848e-05, "lr": 4.217827674798848e-05, "data_time": 2.0301334857940674, "loss": 0.9209596157073975, "time": 3.300795555114746, "epoch": 12, "iter": 14744, "memory": 32377, "step": 14744}
{"base_lr": 4.217827674798848e-05, "lr": 4.217827674798848e-05, "data_time": 0.0014579296112060547, "loss": 0.9112216472625733, "time": 1.27173855304718, "epoch": 12, "iter": 14769, "memory": 32377, "step": 14769}
{"base_lr": 4.217827674798848e-05, "lr": 4.217827674798848e-05, "data_time": 0.0014095783233642578, "loss": 0.9220076024532318, "time": 1.2710418701171875, "epoch": 12, "iter": 14794, "memory": 32377, "step": 14794}
{"base_lr": 4.217827674798848e-05, "lr": 4.217827674798848e-05, "data_time": 0.0014659881591796875, "loss": 0.907320088148117, "time": 1.2726377248764038, "epoch": 12, "iter": 14819, "memory": 32377, "step": 14819}
{"base_lr": 4.217827674798848e-05, "lr": 4.217827674798848e-05, "data_time": 0.001318359375, "loss": 0.8988872706890106, "time": 1.2703667640686036, "epoch": 12, "iter": 14844, "memory": 32377, "step": 14844}
{"base_lr": 4.217827674798848e-05, "lr": 4.217827674798848e-05, "data_time": 0.0018384933471679687, "loss": 0.9173122406005859, "time": 1.272415280342102, "epoch": 12, "iter": 14869, "memory": 32377, "step": 14869}
{"base_lr": 4.217827674798848e-05, "lr": 4.217827674798848e-05, "data_time": 0.038018107414245605, "loss": 0.9128583788871765, "time": 1.3071441888809203, "epoch": 12, "iter": 14894, "memory": 32377, "step": 14894}
{"base_lr": 4.217827674798848e-05, "lr": 4.217827674798848e-05, "data_time": 2.609230709075928, "loss": 0.9133297502994537, "time": 3.877693748474121, "epoch": 12, "iter": 14919, "memory": 32377, "step": 14919}
{"base_lr": 4.217827674798848e-05, "lr": 4.217827674798848e-05, "data_time": 2.237132453918457, "loss": 0.9229662537574768, "time": 3.51372606754303, "epoch": 12, "iter": 14944, "memory": 32377, "step": 14944}
{"base_lr": 4.217827674798848e-05, "lr": 4.217827674798848e-05, "data_time": 1.93018639087677, "loss": 0.8925061523914337, "time": 3.2018092393875124, "epoch": 12, "iter": 14969, "memory": 32377, "step": 14969}
{"base_lr": 4.217827674798848e-05, "lr": 4.217827674798848e-05, "data_time": 1.6286181211471558, "loss": 0.919262832403183, "time": 2.9032753229141237, "epoch": 12, "iter": 14994, "memory": 32377, "step": 14994}
{"base_lr": 4.217827674798848e-05, "lr": 4.217827674798848e-05,