{"base_lr": 6.545084971874738e-05, "lr": 6.545084971874738e-05, "data_time": 0.0005692720413208007, "loss": 1.1213727116584777, "time": 1.2707743644714355, "epoch": 9, "iter": 553, "memory": 32377, "step": 553}
{"base_lr": 6.545084971874738e-05, "lr": 6.545084971874738e-05, "data_time": 0.0005842208862304688, "loss": 1.108806073665619, "time": 1.2711182594299317, "epoch": 9, "iter": 578, "memory": 32377, "step": 578}
{"accuracy/top1": 71.33689880371094, "accuracy/top5": 89.8930435180664, "data_time": 1.1539248943328857, "time": 7.729868364334107, "step": 9}
{"base_lr": 5.782172325201156e-05, "lr": 5.782172325201156e-05, "data_time": 0.0005890846252441407, "loss": 1.1066866159439086, "time": 1.2711502313613892, "epoch": 10, "iter": 619, "memory": 48817, "step": 619}
{"base_lr": 5.782172325201156e-05, "lr": 5.782172325201156e-05, "data_time": 0.0006063461303710937, "loss": 1.0962764739990234, "time": 1.2717679738998413, "epoch": 10, "iter": 644, "memory": 32377, "step": 644}
{"accuracy/top1": 71.71122741699219, "accuracy/top5": 90.10694885253906, "data_time": 1.024692916870117, "time": 7.389345693588257, "step": 10}
{"base_lr": 5.000000000000001e-05, "lr": 5.000000000000001e-05, "data_time": 0.0005845785140991211, "loss": 1.0626426935195923, "time": 1.2711005210876465, "epoch": 11, "iter": 685, "memory": 48817, "step": 685}
{"base_lr": 5.000000000000001e-05, "lr": 5.000000000000001e-05, "data_time": 0.0005831718444824219, "loss": 1.0782777547836304, "time": 1.2717710971832275, "epoch": 11, "iter": 710, "memory": 32377, "step": 710}
{"accuracy/top1": 72.0053482055664, "accuracy/top5": 90.1604232788086, "data_time": 0.9746863842010498, "time": 7.344007205963135, "step": 11}
{"base_lr": 4.217827674798848e-05, "lr": 4.217827674798848e-05, "data_time": 0.0005969047546386719, "loss": 1.0653623342514038, "time": 1.271872591972351, "epoch": 12, "iter": 751, "memory": 48817, "step": 751}
{"base_lr": 4.217827674798848e-05, "lr": 4.217827674798848e-05, "data_time": 0.0006079196929931641, "loss": 1.0861846446990966, "time": 1.2718854427337647, "epoch": 12, "iter": 776, "memory": 32377, "step": 776}
{"accuracy/top1": 72.24598693847656, "accuracy/top5": 90.37432861328125, "data_time": 0.9807283401489257, "time": 7.347037887573242, "step": 12}
