{"base_lr": 0.0001, "lr": 0.0001, "data_time": 0.002335977554321289, "loss": 8.198596572875976, "time": 2.5544382333755493, "epoch": 1, "iter": 25, "memory": 32400, "step": 25}
{"base_lr": 0.0001, "lr": 0.0001, "data_time": 0.0023695707321166994, "loss": 7.3392784118652346, "time": 2.5528506517410277, "epoch": 1, "iter": 50, "memory": 32400, "step": 50}
{"base_lr": 0.0001, "lr": 0.0001, "data_time": 0.0026543855667114256, "loss": 6.5842687606811525, "time": 2.580909538269043, "epoch": 1, "iter": 75, "memory": 32400, "step": 75}
{"base_lr": 0.0001, "lr": 0.0001, "data_time": 0.009951376914978027, "loss": 5.928903341293335, "time": 2.561978483200073, "epoch": 1, "iter": 100, "memory": 32400, "step": 100}
{"base_lr": 0.0001, "lr": 0.0001, "data_time": 0.006983113288879394, "loss": 5.344585371017456, "time": 2.5589461088180543, "epoch": 1, "iter": 125, "memory": 32400, "step": 125}
{"base_lr": 0.0001, "lr": 0.0001, "data_time": 0.002190303802490234, "loss": 4.893593072891235, "time": 2.596347379684448, "epoch": 1, "iter": 150, "memory": 32400, "step": 150}
{"base_lr": 0.0001, "lr": 0.0001, "data_time": 0.0020726203918457033, "loss": 4.517514085769653, "time": 2.5651368141174316, "epoch": 1, "iter": 175, "memory": 32400, "step": 175}
{"accuracy/top1": 41.3770866394043, "accuracy/top5": 63.966915130615234, "data_time": 5.771357989311218, "time": 21.80949749946594, "step": 1}
{"base_lr": 9.938441702975689e-05, "lr": 9.938441702975689e-05, "data_time": 0.0029381275177001952, "loss": 4.022141432762146, "time": 2.5639914751052855, "epoch": 2, "iter": 210, "memory": 48840, "step": 210}
{"base_lr": 9.938441702975689e-05, "lr": 9.938441702975689e-05, "data_time": 0.002962541580200195, "loss": 3.7870352268218994, "time": 2.569806385040283, "epoch": 2, "iter": 235, "memory": 32400, "step": 235}
{"base_lr": 9.938441702975689e-05, "lr": 9.938441702975689e-05, "data_time": 0.003121089935302734, "loss": 3.5960092544555664, "time": 2.567433547973633, "epoch": 2, "iter": 260, "memory": 32400, "step": 260}
{"base_lr": 9.938441702975689e-05, "lr": 9.938441702975689e-05, "data_time": 0.0029742240905761717, "loss": 3.393447828292847, "time": 2.5614296913146974, "epoch": 2, "iter": 285, "memory": 32400, "step": 285}
{"base_lr": 9.938441702975689e-05, "lr": 9.938441702975689e-05, "data_time": 0.0029596567153930666, "loss": 3.2468713760375976, "time": 2.5837291717529296, "epoch": 2, "iter": 310, "memory": 32400, "step": 310}
{"base_lr": 9.938441702975689e-05, "lr": 9.938441702975689e-05, "data_time": 0.002310776710510254, "loss": 3.128204822540283, "time": 2.552553105354309, "epoch": 2, "iter": 335, "memory": 32400, "step": 335}
{"base_lr": 9.938441702975689e-05, "lr": 9.938441702975689e-05, "data_time": 0.0021901845932006834, "loss": 3.0044223070144653, "time": 2.548840880393982, "epoch": 2, "iter": 360, "memory": 32400, "step": 360}
{"accuracy/top1": 50.867393493652344, "accuracy/top5": 73.04366302490234, "data_time": 1.0892884514548562, "time": 15.69590722430836, "step": 2}
{"base_lr": 9.755282581475769e-05, "lr": 9.755282581475769e-05, "data_time": 0.004137611389160157, "loss": 2.766923761367798, "time": 2.579068088531494, "epoch": 3, "iter": 395, "memory": 48840, "step": 395}
{"base_lr": 9.755282581475769e-05, "lr": 9.755282581475769e-05, "data_time": 0.005600738525390625, "loss": 2.711417055130005, "time": 2.573730301856995, "epoch": 3, "iter": 420, "memory": 32400, "step": 420}
{"base_lr": 9.755282581475769e-05, "lr": 9.755282581475769e-05, "data_time": 0.002694249153137207, "loss": 2.648162508010864, "time": 2.563298749923706, "epoch": 3, "iter": 445, "memory": 32400, "step": 445}
{"base_lr": 9.755282581475769e-05, "lr": 9.755282581475769e-05, "data_time": 0.002966761589050293, "loss": 2.5684855222702025, "time": 2.5608818531036377, "epoch": 3, "iter": 470, "memory": 32400, "step": 470}
{"base_lr": 9.755282581475769e-05, "lr": 9.755282581475769e-05, "data_time": 0.0031580209732055666, "loss": 2.5046989917755127, "time": 2.5690228939056396, "epoch": 3, "iter": 495, "memory": 32400, "step": 495}
{"base_lr": 9.755282581475769e-05, "lr": 9.755282581475769e-05, "data_time": 0.0022875070571899414, "loss": 2.4451255083084105, "time": 2.5502154350280763, "epoch": 3, "iter": 520, "memory": 32400, "step": 520}
{"base_lr": 9.755282581475769e-05, "lr": 9.755282581475769e-05, "data_time": 0.0020789623260498045, "loss": 2.392734932899475, "time": 2.565237355232239, "epoch": 3, "iter": 545, "memory": 32400, "step": 545}
{"accuracy/top1": 55.668941497802734, "accuracy/top5": 77.2705307006836, "data_time": 3.8002392812208696, "time": 18.397476369684394, "step": 3}
{"base_lr": 9.45503262094184e-05, "lr": 9.45503262094184e-05, "data_time": 0.00832195281982422, "loss": 2.2800219297409057, "time": 2.5765621662139893, "epoch": 4, "iter": 580, "memory": 48840, "step": 580}
{"base_lr": 9.45503262094184e-05, "lr": 9.45503262094184e-05, "data_time": 0.008126378059387207, "loss": 2.2012105226516723, "time": 2.6123404026031496, "epoch": 4, "iter": 605, "memory": 32400, "step": 605}
{"base_lr": 9.45503262094184e-05, "lr": 9.45503262094184e-05, "data_time": 0.0034825801849365234, "loss": 2.180698275566101, "time": 2.570637345314026, "epoch": 4, "iter": 630, "memory": 32400, "step": 630}
{"base_lr": 9.45503262094184e-05, "lr": 9.45503262094184e-05, "data_time": 0.003613781929016113, "loss": 2.184294009208679, "time": 2.5729227304458617, "epoch": 4, "iter": 655, "memory": 32400, "step": 655}
{"base_lr": 9.45503262094184e-05, "lr": 9.45503262094184e-05, "data_time": 0.003380894660949707, "loss": 2.1372732877731324, "time": 2.579704213142395, "epoch": 4, "iter": 680, "memory": 32400, "step": 680}
{"base_lr": 9.45503262094184e-05, "lr": 9.45503262094184e-05, "data_time": 0.0023107051849365233, "loss": 2.0793439030647276, "time": 2.5523669719696045, "epoch": 4, "iter": 705, "memory": 32400, "step": 705}
{"base_lr": 9.45503262094184e-05, "lr": 9.45503262094184e-05, "data_time": 0.0015314817428588867, "loss": 2.1081861019134522, "time": 2.5496020555496215, "epoch": 4, "iter": 730, "memory": 32400, "step": 730}
{"accuracy/top1": 58.48326873779297, "accuracy/top5": 79.80557250976562, "data_time": 1.189598712054166, "time": 15.798358635468917, "step": 4}
{"base_lr": 9.045084971874738e-05, "lr": 9.045084971874738e-05, "data_time": 0.0025594234466552734, "loss": 1.9407618284225463, "time": 2.5641552686691282, "epoch": 5, "iter": 765, "memory": 48840, "step": 765}
{"base_lr": 9.045084971874738e-05, "lr": 9.045084971874738e-05, "data_time": 0.0031802892684936524, "loss": 1.936440145969391, "time": 2.6162237882614137, "epoch": 5, "iter": 790, "memory": 32400, "step": 790}
{"base_lr": 9.045084971874738e-05, "lr": 9.045084971874738e-05, "data_time": 0.0031509637832641602, "loss": 1.8960256457328797, "time": 2.569535255432129, "epoch": 5, "iter": 815, "memory": 32400, "step": 815}
{"base_lr": 9.045084971874738e-05, "lr": 9.045084971874738e-05, "data_time": 0.003560161590576172, "loss": 1.937563180923462, "time": 2.570602464675903, "epoch": 5, "iter": 840, "memory": 32400, "step": 840}
{"base_lr": 9.045084971874738e-05, "lr": 9.045084971874738e-05, "data_time": 0.0029578447341918946, "loss": 1.893778383731842, "time": 2.5667363882064818, "epoch": 5, "iter": 865, "memory": 32400, "step": 865}
{"base_lr": 9.045084971874738e-05, "lr": 9.045084971874738e-05, "data_time": 0.0035475015640258787, "loss": 1.8956077337265014, "time": 2.5684529542922974, "epoch": 5, "iter": 890, "memory": 32400, "step": 890}
{"base_lr": 9.045084971874738e-05, "lr": 9.045084971874738e-05, "data_time": 0.0019283294677734375, "loss": 1.8874179601669312, "time": 2.55016713142395, "epoch": 5, "iter": 915, "memory": 32400, "step": 915}
{"accuracy/top1": 59.97636795043945, "accuracy/top5": 81.23422241210938, "data_time": 3.6115842299027876, "time": 18.204969687895343, "step": 5}
{"base_lr": 8.535533905932738e-05, "lr": 8.535533905932738e-05, "data_time": 0.0036272048950195313, "loss": 1.7601735234260558, "time": 2.5891448259353638, "epoch": 6,