{"accuracy/top1": 84.60167694091797, "accuracy/top5": 96.34646606445312, "single-label/precision": 0.628699779510498, "single-label/recall": 0.5494809150695801, "single-label/f1-score": 0.5782452821731567, "2354/accuracy": 0.9835145250400998, "2354/precision": 0.8731019522776573, "2354/recall": 0.9221076746849943, "2354/f1": 0.8969359331476323, "2354/f2": 0.911871318531944, "2354/tp": null, "2354/tn": null, "2354/fp": null, "2354/fn": null, "2473/accuracy": 0.9915344858314026, "2473/precision": 0.9528403001071811, "2473/recall": 0.9457446808510638, "2473/f1": 0.9492792311799252, "2473/f2": 0.9471553377370553, "2473/tp": null, "2473/tn": null, "2473/fp": null, "2473/fn": null, "data_time": 0.0017877410159991285, "time": 1.5566518838628223}