{"accuracy": 0.9850307404437316, "precision": 0.9525691699604744, "recall": 0.8456140350877193, "tp": null, "tn": null, "fp": null, "fn": null, "data_time": 1.6824511289596558, "time": 17.3863143324852}