{"accuracy/top1": 55.570770263671875, "accuracy/top5": 79.94522094726562, "data_time": 5.11654794216156, "time": 22.128375709056854}